request_idx,offset,latency_us,trial_file,config,mode,zone_size,target_zone,write_size
0,1744830464,645,trace_trial1.csv,cfg0,filled_then_reset_trace,134217728,13,4096
1,1744834560,576,trace_trial1.csv,cfg0,filled_then_reset_trace,134217728,13,4096
2,1744838656,590,trace_trial1.csv,cfg0,filled_then_reset_trace,134217728,13,4096
3,1744842752,557,trace_trial1.csv,cfg0,filled_then_reset_trace,134217728,13,4096
4,1744846848,587,trace_trial1.csv,cfg0,filled_then_reset_trace,134217728,13,4096
5,1744850944,558,trace_trial1.csv,cfg0,filled_then_reset_trace,134217728,13,4096
6,1744855040,590,trace_trial1.csv,cfg0,filled_then_reset_trace,134217728,13,4096
7,1744859136,600,trace_trial1.csv,cfg0,filled_then_reset_trace,134217728,13,4096
8,1744863232,632,trace_trial1.csv,cfg0,filled_then_reset_trace,134217728,13,4096
9,1744867328,588,trace_trial1.csv,cfg0,filled_then_reset_trace,134217728,13,4096
10,1744871424,557,trace_trial1.csv,cfg0,filled_then_reset_trace,134217728,13,4096
11,1744875520,609,trace_trial1.csv,cfg0,filled_then_reset_trace,134217728,13,4096
12,1744879616,591,trace_trial1.csv,cfg0,filled_then_reset_trace,134217728,13,4096
13,1744883712,568,trace_trial1.csv,cfg0,filled_then_reset_trace,134217728,13,4096
14,1744887808,591,trace_trial1.csv,cfg0,filled_then_reset_trace,134217728,13,4096
15,1744891904,559,trace_trial1.csv,cfg0,filled_then_reset_trace,134217728,13,4096
16,1744896000,656,trace_trial1.csv,cfg0,filled_then_reset_trace,134217728,13,4096
17,1744900096,588,trace_trial1.csv,cfg0,filled_then_reset_trace,134217728,13,4096
18,1744904192,645,trace_trial1.csv,cfg0,filled_then_reset_trace,134217728,13,4096
19,1744908288,598,trace_trial1.csv,cfg0,filled_then_reset_trace,134217728,13,4096
20,1744912384,609,trace_trial1.csv,cfg0,filled_then_reset_trace,134217728,13,4096
21,1744916480,595,trace_trial1.csv,cfg0,filled_then_reset_trace,134217728,13,4096
22,1744920576,593,trace_trial1.csv,cfg0,filled_then_reset_trace,134217728,13,4096
23,1744924672,602,trace_trial1.csv,cfg0,filled_then_reset_trace,134217728,13,4096
24,1744928768,618,trace_trial1.csv,cfg0,filled_then_reset_trace,134217728,13,4096
25,1744932864,589,trace_trial1.csv,cfg0,filled_then_reset_trace,134217728,13,4096
26,1744936960,568,trace_trial1.csv,cfg0,filled_then_reset_trace,134217728,13,4096
27,1744941056,600,trace_trial1.csv,cfg0,filled_then_reset_trace,134217728,13,4096
28,1744945152,559,trace_trial1.csv,cfg0,filled_then_reset_trace,134217728,13,4096
29,1744949248,588,trace_trial1.csv,cfg0,filled_then_reset_trace,134217728,13,4096
30,1744953344,591,trace_trial1.csv,cfg0,filled_then_reset_trace,134217728,13,4096
31,1744957440,578,trace_trial1.csv,cfg0,filled_then_reset_trace,134217728,13,4096
32,1744961536,590,trace_trial1.csv,cfg0,filled_then_reset_trace,134217728,13,4096
33,1744965632,561,trace_trial1.csv,cfg0,filled_then_reset_trace,134217728,13,4096
34,1744969728,587,trace_trial1.csv,cfg0,filled_then_reset_trace,134217728,13,4096
35,1744973824,632,trace_trial1.csv,cfg0,filled_then_reset_trace,134217728,13,4096
36,1744977920,576,trace_trial1.csv,cfg0,filled_then_reset_trace,134217728,13,4096
37,1744982016,588,trace_trial1.csv,cfg0,filled_then_reset_trace,134217728,13,4096
38,1744986112,559,trace_trial1.csv,cfg0,filled_then_reset_trace,134217728,13,4096
39,1744990208,589,trace_trial1.csv,cfg0,filled_then_reset_trace,134217728,13,4096
40,1744994304,594,trace_trial1.csv,cfg0,filled_then_reset_trace,134217728,13,4096
41,1744998400,598,trace_trial1.csv,cfg0,filled_then_reset_trace,134217728,13,4096
42,1745002496,596,trace_trial1.csv,cfg0,filled_then_reset_trace,134217728,13,4096
43,1745006592,565,trace_trial1.csv,cfg0,filled_then_reset_trace,134217728,13,4096
44,1745010688,590,trace_trial1.csv,cfg0,filled_then_reset_trace,134217728,13,4096
45,1745014784,592,trace_trial1.csv,cfg0,filled_then_reset_trace,134217728,13,4096
46,1745018880,600,trace_trial1.csv,cfg0,filled_then_reset_trace,134217728,13,4096
47,1745022976,591,trace_trial1.csv,cfg0,filled_then_reset_trace,134217728,13,4096
48,1745027072,566,trace_trial1.csv,cfg0,filled_then_reset_trace,134217728,13,4096
49,1745031168,660,trace_trial1.csv,cfg0,filled_then_reset_trace,134217728,13,4096
50,1745035264,587,trace_trial1.csv,cfg0,filled_then_reset_trace,134217728,13,4096
51,1745039360,593,trace_trial1.csv,cfg0,filled_then_reset_trace,134217728,13,4096
52,1745043456,591,trace_trial1.csv,cfg0,filled_then_reset_trace,134217728,13,4096
53,1745047552,560,trace_trial1.csv,cfg0,filled_then_reset_trace,134217728,13,4096
54,1745051648,587,trace_trial1.csv,cfg0,filled_then_reset_trace,134217728,13,4096
55,1745055744,594,trace_trial1.csv,cfg0,filled_then_reset_trace,134217728,13,4096
56,1745059840,562,trace_trial1.csv,cfg0,filled_then_reset_trace,134217728,13,4096
57,1745063936,592,trace_trial1.csv,cfg0,filled_then_reset_trace,134217728,13,4096
58,1745068032,599,trace_trial1.csv,cfg0,filled_then_reset_trace,134217728,13,4096
59,1745072128,606,trace_trial1.csv,cfg0,filled_then_reset_trace,134217728,13,4096
60,1745076224,598,trace_trial1.csv,cfg0,filled_then_reset_trace,134217728,13,4096
61,1745080320,596,trace_trial1.csv,cfg0,filled_then_reset_trace,134217728,13,4096
62,1745084416,597,trace_trial1.csv,cfg0,filled_then_reset_trace,134217728,13,4096
63,1745088512,604,trace_trial1.csv,cfg0,filled_then_reset_trace,134217728,13,4096
64,1745092608,597,trace_trial1.csv,cfg0,filled_then_reset_trace,134217728,13,4096
65,1745096704,596,trace_trial1.csv,cfg0,filled_then_reset_trace,134217728,13,4096
66,1745100800,570,trace_trial1.csv,cfg0,filled_then_reset_trace,134217728,13,4096
67,1745104896,594,trace_trial1.csv,cfg0,filled_then_reset_trace,134217728,13,4096
68,1745108992,598,trace_trial1.csv,cfg0,filled_then_reset_trace,134217728,13,4096
69,1745113088,597,trace_trial1.csv,cfg0,filled_then_reset_trace,134217728,13,4096
70,1745117184,595,trace_trial1.csv,cfg0,filled_then_reset_trace,134217728,13,4096
71,1745121280,599,trace_trial1.csv,cfg0,filled_then_reset_trace,134217728,13,4096
72,1745125376,595,trace_trial1.csv,cfg0,filled_then_reset_trace,134217728,13,4096
73,1745129472,597,trace_trial1.csv,cfg0,filled_then_reset_trace,134217728,13,4096
74,1745133568,605,trace_trial1.csv,cfg0,filled_then_reset_trace,134217728,13,4096
75,1745137664,595,trace_trial1.csv,cfg0,filled_then_reset_trace,134217728,13,4096
76,1745141760,571,trace_trial1.csv,cfg0,filled_then_reset_trace,134217728,13,4096
77,1745145856,598,trace_trial1.csv,cfg0,filled_then_reset_trace,134217728,13,4096
78,1745149952,597,trace_trial1.csv,cfg0,filled_then_reset_trace,134217728,13,4096
79,1745154048,598,trace_trial1.csv,cfg0,filled_then_reset_trace,134217728,13,4096
80,1745158144,595,trace_trial1.csv,cfg0,filled_then_reset_trace,134217728,13,4096
81,1745162240,597,trace_trial1.csv,cfg0,filled_then_reset_trace,134217728,13,4096
82,1745166336,596,trace_trial1.csv,cfg0,filled_then_reset_trace,134217728,13,4096
83,1745170432,598,trace_trial1.csv,cfg0,filled_then_reset_trace,134217728,13,4096
84,1745174528,598,trace_trial1.csv,cfg0,filled_then_reset_trace,134217728,13,4096
85,1745178624,594,trace_trial1.csv,cfg0,filled_then_reset_trace,134217728,13,4096
86,1745182720,566,trace_trial1.csv,cfg0,filled_then_reset_trace,134217728,13,4096
87,1745186816,594,trace_trial1.csv,cfg0,filled_then_reset_trace,134217728,13,4096
88,1745190912,597,trace_trial1.csv,cfg0,filled_then_reset_trace,134217728,13,4096
89,1745195008,605,trace_trial1.csv,cfg0,filled_then_reset_trace,134217728,13,4096
90,1745199104,596,trace_trial1.csv,cfg0,filled_then_reset_trace,134217728,13,4096
91,1745203200,649,trace_trial1.csv,cfg0,filled_then_reset_trace,134217728,13,4096
92,1745207296,596,trace_trial1.csv,cfg0,filled_then_reset_trace,134217728,13,4096
93,1745211392,598,trace_trial1.csv,cfg0,filled_then_reset_trace,134217728,13,4096
94,1745215488,597,trace_trial1.csv,cfg0,filled_then_reset_trace,134217728,13,4096
95,1745219584,597,trace_trial1.csv,cfg0,filled_then_reset_trace,134217728,13,4096
96,1745223680,595,trace_trial1.csv,cfg0,filled_then_reset_trace,134217728,13,4096
97,1745227776,576,trace_trial1.csv,cfg0,filled_then_reset_trace,134217728,13,4096
98,1745231872,594,trace_trial1.csv,cfg0,filled_then_reset_trace,134217728,13,4096
99,1745235968,560,trace_trial1.csv,cfg0,filled_then_reset_trace,134217728,13,4096
100,1745240064,627,trace_trial1.csv,cfg0,filled_then_reset_trace,134217728,13,4096
101,1745244160,599,trace_trial1.csv,cfg0,filled_then_reset_trace,134217728,13,4096
102,1745248256,597,trace_trial1.csv,cfg0,filled_then_reset_trace,134217728,13,4096
103,1745252352,597,trace_trial1.csv,cfg0,filled_then_reset_trace,134217728,13,4096
104,1745256448,594,trace_trial1.csv,cfg0,filled_then_reset_trace,134217728,13,4096
105,1745260544,598,trace_trial1.csv,cfg0,filled_then_reset_trace,134217728,13,4096
106,1745264640,597,trace_trial1.csv,cfg0,filled_then_reset_trace,134217728,13,4096
107,1745268736,598,trace_trial1.csv,cfg0,filled_then_reset_trace,134217728,13,4096
108,1745272832,596,trace_trial1.csv,cfg0,filled_then_reset_trace,134217728,13,4096
109,1745276928,621,trace_trial1.csv,cfg0,filled_then_reset_trace,134217728,13,4096
110,1745281024,594,trace_trial1.csv,cfg0,filled_then_reset_trace,134217728,13,4096
111,1745285120,615,trace_trial1.csv,cfg0,filled_then_reset_trace,134217728,13,4096
112,1745289216,572,trace_trial1.csv,cfg0,filled_then_reset_trace,134217728,13,4096
113,1745293312,596,trace_trial1.csv,cfg0,filled_then_reset_trace,134217728,13,4096
114,1745297408,596,trace_trial1.csv,cfg0,filled_then_reset_trace,134217728,13,4096
115,1745301504,601,trace_trial1.csv,cfg0,filled_then_reset_trace,134217728,13,4096
116,1745305600,596,trace_trial1.csv,cfg0,filled_then_reset_trace,134217728,13,4096
117,1745309696,599,trace_trial1.csv,cfg0,filled_then_reset_trace,134217728,13,4096
118,1745313792,598,trace_trial1.csv,cfg0,filled_then_reset_trace,134217728,13,4096
119,1745317888,594,trace_trial1.csv,cfg0,filled_then_reset_trace,134217728,13,4096
120,1745321984,598,trace_trial1.csv,cfg0,filled_then_reset_trace,134217728,13,4096
121,1745326080,597,trace_trial1.csv,cfg0,filled_then_reset_trace,134217728,13,4096
122,1745330176,568,trace_trial1.csv,cfg0,filled_then_reset_trace,134217728,13,4096
123,1745334272,593,trace_trial1.csv,cfg0,filled_then_reset_trace,134217728,13,4096
124,1745338368,596,trace_trial1.csv,cfg0,filled_then_reset_trace,134217728,13,4096
125,1745342464,597,trace_trial1.csv,cfg0,filled_then_reset_trace,134217728,13,4096
126,1745346560,597,trace_trial1.csv,cfg0,filled_then_reset_trace,134217728,13,4096
127,1745350656,603,trace_trial1.csv,cfg0,filled_then_reset_trace,134217728,13,4096
128,1745354752,598,trace_trial1.csv,cfg0,filled_then_reset_trace,134217728,13,4096
129,1745358848,596,trace_trial1.csv,cfg0,filled_then_reset_trace,134217728,13,4096
130,1745362944,600,trace_trial1.csv,cfg0,filled_then_reset_trace,134217728,13,4096
131,1745367040,595,trace_trial1.csv,cfg0,filled_then_reset_trace,134217728,13,4096
132,1745371136,584,trace_trial1.csv,cfg0,filled_then_reset_trace,134217728,13,4096
133,1745375232,595,trace_trial1.csv,cfg0,filled_then_reset_trace,134217728,13,4096
134,1745379328,595,trace_trial1.csv,cfg0,filled_then_reset_trace,134217728,13,4096
135,1745383424,581,trace_trial1.csv,cfg0,filled_then_reset_trace,134217728,13,4096
136,1745387520,598,trace_trial1.csv,cfg0,filled_then_reset_trace,134217728,13,4096
137,1745391616,595,trace_trial1.csv,cfg0,filled_then_reset_trace,134217728,13,4096
138,1745395712,595,trace_trial1.csv,cfg0,filled_then_reset_trace,134217728,13,4096
139,1745399808,598,trace_trial1.csv,cfg0,filled_then_reset_trace,134217728,13,4096
140,1745403904,596,trace_trial1.csv,cfg0,filled_then_reset_trace,134217728,13,4096
141,1745408000,599,trace_trial1.csv,cfg0,filled_then_reset_trace,134217728,13,4096
142,1745412096,598,trace_trial1.csv,cfg0,filled_then_reset_trace,134217728,13,4096
143,1745416192,570,trace_trial1.csv,cfg0,filled_then_reset_trace,134217728,13,4096
144,1745420288,597,trace_trial1.csv,cfg0,filled_then_reset_trace,134217728,13,4096
145,1745424384,560,trace_trial1.csv,cfg0,filled_then_reset_trace,134217728,13,4096
146,1745428480,591,trace_trial1.csv,cfg0,filled_then_reset_trace,134217728,13,4096
147,1745432576,611,trace_trial1.csv,cfg0,filled_then_reset_trace,134217728,13,4096
148,1745436672,577,trace_trial1.csv,cfg0,filled_then_reset_trace,134217728,13,4096
149,1745440768,594,trace_trial1.csv,cfg0,filled_then_reset_trace,134217728,13,4096
150,1745444864,560,trace_trial1.csv,cfg0,filled_then_reset_trace,134217728,13,4096
151,1745448960,593,trace_trial1.csv,cfg0,filled_then_reset_trace,134217728,13,4096
152,1745453056,619,trace_trial1.csv,cfg0,filled_then_reset_trace,134217728,13,4096
153,1745457152,599,trace_trial1.csv,cfg0,filled_then_reset_trace,134217728,13,4096
154,1745461248,596,trace_trial1.csv,cfg0,filled_then_reset_trace,134217728,13,4096
155,1745465344,597,trace_trial1.csv,cfg0,filled_then_reset_trace,134217728,13,4096
156,1745469440,597,trace_trial1.csv,cfg0,filled_then_reset_trace,134217728,13,4096
157,1745473536,595,trace_trial1.csv,cfg0,filled_then_reset_trace,134217728,13,4096
158,1745477632,599,trace_trial1.csv,cfg0,filled_then_reset_trace,134217728,13,4096
159,1745481728,595,trace_trial1.csv,cfg0,filled_then_reset_trace,134217728,13,4096
160,1745485824,637,trace_trial1.csv,cfg0,filled_then_reset_trace,134217728,13,4096
161,1745489920,595,trace_trial1.csv,cfg0,filled_then_reset_trace,134217728,13,4096
162,1745494016,595,trace_trial1.csv,cfg0,filled_then_reset_trace,134217728,13,4096
163,1745498112,571,trace_trial1.csv,cfg0,filled_then_reset_trace,134217728,13,4096
164,1745502208,598,trace_trial1.csv,cfg0,filled_then_reset_trace,134217728,13,4096
165,1745506304,596,trace_trial1.csv,cfg0,filled_then_reset_trace,134217728,13,4096
166,1745510400,661,trace_trial1.csv,cfg0,filled_then_reset_trace,134217728,13,4096
167,1745514496,598,trace_trial1.csv,cfg0,filled_then_reset_trace,134217728,13,4096
168,1745518592,598,trace_trial1.csv,cfg0,filled_then_reset_trace,134217728,13,4096
169,1745522688,596,trace_trial1.csv,cfg0,filled_then_reset_trace,134217728,13,4096
170,1745526784,597,trace_trial1.csv,cfg0,filled_then_reset_trace,134217728,13,4096
171,1745530880,595,trace_trial1.csv,cfg0,filled_then_reset_trace,134217728,13,4096
172,1745534976,597,trace_trial1.csv,cfg0,filled_then_reset_trace,134217728,13,4096
173,1745539072,566,trace_trial1.csv,cfg0,filled_then_reset_trace,134217728,13,4096
174,1745543168,594,trace_trial1.csv,cfg0,filled_then_reset_trace,134217728,13,4096
175,1745547264,594,trace_trial1.csv,cfg0,filled_then_reset_trace,134217728,13,4096
176,1745551360,563,trace_trial1.csv,cfg0,filled_then_reset_trace,134217728,13,4096
177,1745555456,591,trace_trial1.csv,cfg0,filled_then_reset_trace,134217728,13,4096
178,1745559552,607,trace_trial1.csv,cfg0,filled_then_reset_trace,134217728,13,4096
179,1745563648,597,trace_trial1.csv,cfg0,filled_then_reset_trace,134217728,13,4096
180,1745567744,594,trace_trial1.csv,cfg0,filled_then_reset_trace,134217728,13,4096
181,1745571840,564,trace_trial1.csv,cfg0,filled_then_reset_trace,134217728,13,4096
182,1745575936,590,trace_trial1.csv,cfg0,filled_then_reset_trace,134217728,13,4096
183,1745580032,594,trace_trial1.csv,cfg0,filled_then_reset_trace,134217728,13,4096
184,1745584128,594,trace_trial1.csv,cfg0,filled_then_reset_trace,134217728,13,4096
185,1745588224,598,trace_trial1.csv,cfg0,filled_then_reset_trace,134217728,13,4096
186,1745592320,594,trace_trial1.csv,cfg0,filled_then_reset_trace,134217728,13,4096
187,1745596416,594,trace_trial1.csv,cfg0,filled_then_reset_trace,134217728,13,4096
188,1745600512,611,trace_trial1.csv,cfg0,filled_then_reset_trace,134217728,13,4096
189,1745604608,606,trace_trial1.csv,cfg0,filled_then_reset_trace,134217728,13,4096
190,1745608704,595,trace_trial1.csv,cfg0,filled_then_reset_trace,134217728,13,4096
191,1745612800,606,trace_trial1.csv,cfg0,filled_then_reset_trace,134217728,13,4096
192,1745616896,596,trace_trial1.csv,cfg0,filled_then_reset_trace,134217728,13,4096
193,1745620992,594,trace_trial1.csv,cfg0,filled_then_reset_trace,134217728,13,4096
194,1745625088,571,trace_trial1.csv,cfg0,filled_then_reset_trace,134217728,13,4096
195,1745629184,596,trace_trial1.csv,cfg0,filled_then_reset_trace,134217728,13,4096
196,1745633280,597,trace_trial1.csv,cfg0,filled_then_reset_trace,134217728,13,4096
197,1745637376,595,trace_trial1.csv,cfg0,filled_then_reset_trace,134217728,13,4096
198,1745641472,598,trace_trial1.csv,cfg0,filled_then_reset_trace,134217728,13,4096
199,1745645568,598,trace_trial1.csv,cfg0,filled_then_reset_trace,134217728,13,4096
200,1745649664,596,trace_trial1.csv,cfg0,filled_then_reset_trace,134217728,13,4096
201,1745653760,598,trace_trial1.csv,cfg0,filled_then_reset_trace,134217728,13,4096
202,1745657856,597,trace_trial1.csv,cfg0,filled_then_reset_trace,134217728,13,4096
203,1745661952,596,trace_trial1.csv,cfg0,filled_then_reset_trace,134217728,13,4096
204,1745666048,570,trace_trial1.csv,cfg0,filled_then_reset_trace,134217728,13,4096
205,1745670144,595,trace_trial1.csv,cfg0,filled_then_reset_trace,134217728,13,4096
206,1745674240,595,trace_trial1.csv,cfg0,filled_then_reset_trace,134217728,13,4096
207,1745678336,598,trace_trial1.csv,cfg0,filled_then_reset_trace,134217728,13,4096
208,1745682432,598,trace_trial1.csv,cfg0,filled_then_reset_trace,134217728,13,4096
209,1745686528,596,trace_trial1.csv,cfg0,filled_then_reset_trace,134217728,13,4096
210,1745690624,597,trace_trial1.csv,cfg0,filled_then_reset_trace,134217728,13,4096
211,1745694720,598,trace_trial1.csv,cfg0,filled_then_reset_trace,134217728,13,4096
212,1745698816,601,trace_trial1.csv,cfg0,filled_then_reset_trace,134217728,13,4096
213,1745702912,595,trace_trial1.csv,cfg0,filled_then_reset_trace,134217728,13,4096
214,1745707008,563,trace_trial1.csv,cfg0,filled_then_reset_trace,134217728,13,4096
215,1745711104,593,trace_trial1.csv,cfg0,filled_then_reset_trace,134217728,13,4096
216,1745715200,594,trace_trial1.csv,cfg0,filled_then_reset_trace,134217728,13,4096
217,1745719296,597,trace_trial1.csv,cfg0,filled_then_reset_trace,134217728,13,4096
218,1745723392,596,trace_trial1.csv,cfg0,filled_then_reset_trace,134217728,13,4096
219,1745727488,596,trace_trial1.csv,cfg0,filled_then_reset_trace,134217728,13,4096
220,1745731584,599,trace_trial1.csv,cfg0,filled_then_reset_trace,134217728,13,4096
221,1745735680,598,trace_trial1.csv,cfg0,filled_then_reset_trace,134217728,13,4096
222,1745739776,597,trace_trial1.csv,cfg0,filled_then_reset_trace,134217728,13,4096
223,1745743872,593,trace_trial1.csv,cfg0,filled_then_reset_trace,134217728,13,4096
224,1745747968,559,trace_trial1.csv,cfg0,filled_then_reset_trace,134217728,13,4096
225,1745752064,593,trace_trial1.csv,cfg0,filled_then_reset_trace,134217728,13,4096
226,1745756160,600,trace_trial1.csv,cfg0,filled_then_reset_trace,134217728,13,4096
227,1745760256,597,trace_trial1.csv,cfg0,filled_then_reset_trace,134217728,13,4096
228,1745764352,597,trace_trial1.csv,cfg0,filled_then_reset_trace,134217728,13,4096
229,1745768448,595,trace_trial1.csv,cfg0,filled_then_reset_trace,134217728,13,4096
230,1745772544,596,trace_trial1.csv,cfg0,filled_then_reset_trace,134217728,13,4096
231,1745776640,594,trace_trial1.csv,cfg0,filled_then_reset_trace,134217728,13,4096
232,1745780736,598,trace_trial1.csv,cfg0,filled_then_reset_trace,134217728,13,4096
233,1745784832,594,trace_trial1.csv,cfg0,filled_then_reset_trace,134217728,13,4096
234,1745788928,629,trace_trial1.csv,cfg0,filled_then_reset_trace,134217728,13,4096
235,1745793024,596,trace_trial1.csv,cfg0,filled_then_reset_trace,134217728,13,4096
236,1745797120,608,trace_trial1.csv,cfg0,filled_then_reset_trace,134217728,13,4096
237,1745801216,571,trace_trial1.csv,cfg0,filled_then_reset_trace,134217728,13,4096
238,1745805312,594,trace_trial1.csv,cfg0,filled_then_reset_trace,134217728,13,4096
239,1745809408,598,trace_trial1.csv,cfg0,filled_then_reset_trace,134217728,13,4096
240,1745813504,601,trace_trial1.csv,cfg0,filled_then_reset_trace,134217728,13,4096
241,1745817600,596,trace_trial1.csv,cfg0,filled_then_reset_trace,134217728,13,4096
242,1745821696,598,trace_trial1.csv,cfg0,filled_then_reset_trace,134217728,13,4096
243,1745825792,597,trace_trial1.csv,cfg0,filled_then_reset_trace,134217728,13,4096
244,1745829888,598,trace_trial1.csv,cfg0,filled_then_reset_trace,134217728,13,4096
245,1745833984,594,trace_trial1.csv,cfg0,filled_then_reset_trace,134217728,13,4096
246,1745838080,594,trace_trial1.csv,cfg0,filled_then_reset_trace,134217728,13,4096
247,1745842176,568,trace_trial1.csv,cfg0,filled_then_reset_trace,134217728,13,4096
248,1745846272,592,trace_trial1.csv,cfg0,filled_then_reset_trace,134217728,13,4096
249,1745850368,597,trace_trial1.csv,cfg0,filled_then_reset_trace,134217728,13,4096
250,1745854464,598,trace_trial1.csv,cfg0,filled_then_reset_trace,134217728,13,4096
251,1745858560,595,trace_trial1.csv,cfg0,filled_then_reset_trace,134217728,13,4096
252,1745862656,598,trace_trial1.csv,cfg0,filled_then_reset_trace,134217728,13,4096
253,1745866752,597,trace_trial1.csv,cfg0,filled_then_reset_trace,134217728,13,4096
254,1745870848,604,trace_trial1.csv,cfg0,filled_then_reset_trace,134217728,13,4096
255,1745874944,600,trace_trial1.csv,cfg0,filled_then_reset_trace,134217728,13,4096
0,1744830464,671,trace_trial2.csv,cfg0,filled_then_reset_trace,134217728,13,4096
1,1744834560,593,trace_trial2.csv,cfg0,filled_then_reset_trace,134217728,13,4096
2,1744838656,565,trace_trial2.csv,cfg0,filled_then_reset_trace,134217728,13,4096
3,1744842752,562,trace_trial2.csv,cfg0,filled_then_reset_trace,134217728,13,4096
4,1744846848,557,trace_trial2.csv,cfg0,filled_then_reset_trace,134217728,13,4096
5,1744850944,569,trace_trial2.csv,cfg0,filled_then_reset_trace,134217728,13,4096
6,1744855040,590,trace_trial2.csv,cfg0,filled_then_reset_trace,134217728,13,4096
7,1744859136,652,trace_trial2.csv,cfg0,filled_then_reset_trace,134217728,13,4096
8,1744863232,609,trace_trial2.csv,cfg0,filled_then_reset_trace,134217728,13,4096
9,1744867328,645,trace_trial2.csv,cfg0,filled_then_reset_trace,134217728,13,4096
10,1744871424,593,trace_trial2.csv,cfg0,filled_then_reset_trace,134217728,13,4096
11,1744875520,593,trace_trial2.csv,cfg0,filled_then_reset_trace,134217728,13,4096
12,1744879616,591,trace_trial2.csv,cfg0,filled_then_reset_trace,134217728,13,4096
13,1744883712,590,trace_trial2.csv,cfg0,filled_then_reset_trace,134217728,13,4096
14,1744887808,609,trace_trial2.csv,cfg0,filled_then_reset_trace,134217728,13,4096
15,1744891904,559,trace_trial2.csv,cfg0,filled_then_reset_trace,134217728,13,4096
16,1744896000,592,trace_trial2.csv,cfg0,filled_then_reset_trace,134217728,13,4096
17,1744900096,594,trace_trial2.csv,cfg0,filled_then_reset_trace,134217728,13,4096
18,1744904192,592,trace_trial2.csv,cfg0,filled_then_reset_trace,134217728,13,4096
19,1744908288,597,trace_trial2.csv,cfg0,filled_then_reset_trace,134217728,13,4096
20,1744912384,593,trace_trial2.csv,cfg0,filled_then_reset_trace,134217728,13,4096
21,1744916480,593,trace_trial2.csv,cfg0,filled_then_reset_trace,134217728,13,4096
22,1744920576,557,trace_trial2.csv,cfg0,filled_then_reset_trace,134217728,13,4096
23,1744924672,601,trace_trial2.csv,cfg0,filled_then_reset_trace,134217728,13,4096
24,1744928768,591,trace_trial2.csv,cfg0,filled_then_reset_trace,134217728,13,4096
25,1744932864,597,trace_trial2.csv,cfg0,filled_then_reset_trace,134217728,13,4096
26,1744936960,590,trace_trial2.csv,cfg0,filled_then_reset_trace,134217728,13,4096
27,1744941056,567,trace_trial2.csv,cfg0,filled_then_reset_trace,134217728,13,4096
28,1744945152,593,trace_trial2.csv,cfg0,filled_then_reset_trace,134217728,13,4096
29,1744949248,594,trace_trial2.csv,cfg0,filled_then_reset_trace,134217728,13,4096
30,1744953344,558,trace_trial2.csv,cfg0,filled_then_reset_trace,134217728,13,4096
31,1744957440,597,trace_trial2.csv,cfg0,filled_then_reset_trace,134217728,13,4096
32,1744961536,580,trace_trial2.csv,cfg0,filled_then_reset_trace,134217728,13,4096
33,1744965632,594,trace_trial2.csv,cfg0,filled_then_reset_trace,134217728,13,4096
34,1744969728,618,trace_trial2.csv,cfg0,filled_then_reset_trace,134217728,13,4096
35,1744973824,586,trace_trial2.csv,cfg0,filled_then_reset_trace,134217728,13,4096
36,1744977920,587,trace_trial2.csv,cfg0,filled_then_reset_trace,134217728,13,4096
37,1744982016,593,trace_trial2.csv,cfg0,filled_then_reset_trace,134217728,13,4096
38,1744986112,601,trace_trial2.csv,cfg0,filled_then_reset_trace,134217728,13,4096
39,1744990208,595,trace_trial2.csv,cfg0,filled_then_reset_trace,134217728,13,4096
40,1744994304,572,trace_trial2.csv,cfg0,filled_then_reset_trace,134217728,13,4096
41,1744998400,594,trace_trial2.csv,cfg0,filled_then_reset_trace,134217728,13,4096
42,1745002496,564,trace_trial2.csv,cfg0,filled_then_reset_trace,134217728,13,4096
43,1745006592,590,trace_trial2.csv,cfg0,filled_then_reset_trace,134217728,13,4096
44,1745010688,592,trace_trial2.csv,cfg0,filled_then_reset_trace,134217728,13,4096
45,1745014784,588,trace_trial2.csv,cfg0,filled_then_reset_trace,134217728,13,4096
46,1745018880,601,trace_trial2.csv,cfg0,filled_then_reset_trace,134217728,13,4096
47,1745022976,559,trace_trial2.csv,cfg0,filled_then_reset_trace,134217728,13,4096
48,1745027072,587,trace_trial2.csv,cfg0,filled_then_reset_trace,134217728,13,4096
49,1745031168,595,trace_trial2.csv,cfg0,filled_then_reset_trace,134217728,13,4096
50,1745035264,654,trace_trial2.csv,cfg0,filled_then_reset_trace,134217728,13,4096
51,1745039360,588,trace_trial2.csv,cfg0,filled_then_reset_trace,134217728,13,4096
52,1745043456,558,trace_trial2.csv,cfg0,filled_then_reset_trace,134217728,13,4096
53,1745047552,588,trace_trial2.csv,cfg0,filled_then_reset_trace,134217728,13,4096
54,1745051648,595,trace_trial2.csv,cfg0,filled_then_reset_trace,134217728,13,4096
55,1745055744,570,trace_trial2.csv,cfg0,filled_then_reset_trace,134217728,13,4096
56,1745059840,589,trace_trial2.csv,cfg0,filled_then_reset_trace,134217728,13,4096
57,1745063936,559,trace_trial2.csv,cfg0,filled_then_reset_trace,134217728,13,4096
58,1745068032,585,trace_trial2.csv,cfg0,filled_then_reset_trace,134217728,13,4096
59,1745072128,591,trace_trial2.csv,cfg0,filled_then_reset_trace,134217728,13,4096
60,1745076224,596,trace_trial2.csv,cfg0,filled_then_reset_trace,134217728,13,4096
61,1745080320,600,trace_trial2.csv,cfg0,filled_then_reset_trace,134217728,13,4096
62,1745084416,588,trace_trial2.csv,cfg0,filled_then_reset_trace,134217728,13,4096
63,1745088512,592,trace_trial2.csv,cfg0,filled_then_reset_trace,134217728,13,4096
64,1745092608,591,trace_trial2.csv,cfg0,filled_then_reset_trace,134217728,13,4096
65,1745096704,565,trace_trial2.csv,cfg0,filled_then_reset_trace,134217728,13,4096
66,1745100800,590,trace_trial2.csv,cfg0,filled_then_reset_trace,134217728,13,4096
67,1745104896,559,trace_trial2.csv,cfg0,filled_then_reset_trace,134217728,13,4096
68,1745108992,585,trace_trial2.csv,cfg0,filled_then_reset_trace,134217728,13,4096
69,1745113088,602,trace_trial2.csv,cfg0,filled_then_reset_trace,134217728,13,4096
70,1745117184,597,trace_trial2.csv,cfg0,filled_then_reset_trace,134217728,13,4096
71,1745121280,594,trace_trial2.csv,cfg0,filled_then_reset_trace,134217728,13,4096
72,1745125376,595,trace_trial2.csv,cfg0,filled_then_reset_trace,134217728,13,4096
73,1745129472,605,trace_trial2.csv,cfg0,filled_then_reset_trace,134217728,13,4096
74,1745133568,595,trace_trial2.csv,cfg0,filled_then_reset_trace,134217728,13,4096
75,1745137664,594,trace_trial2.csv,cfg0,filled_then_reset_trace,134217728,13,4096
76,1745141760,596,trace_trial2.csv,cfg0,filled_then_reset_trace,134217728,13,4096
77,1745145856,568,trace_trial2.csv,cfg0,filled_then_reset_trace,134217728,13,4096
78,1745149952,592,trace_trial2.csv,cfg0,filled_then_reset_trace,134217728,13,4096
79,1745154048,597,trace_trial2.csv,cfg0,filled_then_reset_trace,134217728,13,4096
80,1745158144,593,trace_trial2.csv,cfg0,filled_then_reset_trace,134217728,13,4096
81,1745162240,595,trace_trial2.csv,cfg0,filled_then_reset_trace,134217728,13,4096
82,1745166336,616,trace_trial2.csv,cfg0,filled_then_reset_trace,134217728,13,4096
83,1745170432,595,trace_trial2.csv,cfg0,filled_then_reset_trace,134217728,13,4096
84,1745174528,593,trace_trial2.csv,cfg0,filled_then_reset_trace,134217728,13,4096
85,1745178624,596,trace_trial2.csv,cfg0,filled_then_reset_trace,134217728,13,4096
86,1745182720,595,trace_trial2.csv,cfg0,filled_then_reset_trace,134217728,13,4096
87,1745186816,603,trace_trial2.csv,cfg0,filled_then_reset_trace,134217728,13,4096
88,1745190912,620,trace_trial2.csv,cfg0,filled_then_reset_trace,134217728,13,4096
89,1745195008,599,trace_trial2.csv,cfg0,filled_then_reset_trace,134217728,13,4096
90,1745199104,570,trace_trial2.csv,cfg0,filled_then_reset_trace,134217728,13,4096
91,1745203200,597,trace_trial2.csv,cfg0,filled_then_reset_trace,134217728,13,4096
92,1745207296,597,trace_trial2.csv,cfg0,filled_then_reset_trace,134217728,13,4096
93,1745211392,595,trace_trial2.csv,cfg0,filled_then_reset_trace,134217728,13,4096
94,1745215488,595,trace_trial2.csv,cfg0,filled_then_reset_trace,134217728,13,4096
95,1745219584,595,trace_trial2.csv,cfg0,filled_then_reset_trace,134217728,13,4096
96,1745223680,598,trace_trial2.csv,cfg0,filled_then_reset_trace,134217728,13,4096
97,1745227776,573,trace_trial2.csv,cfg0,filled_then_reset_trace,134217728,13,4096
98,1745231872,628,trace_trial2.csv,cfg0,filled_then_reset_trace,134217728,13,4096
99,1745235968,598,trace_trial2.csv,cfg0,filled_then_reset_trace,134217728,13,4096
100,1745240064,655,trace_trial2.csv,cfg0,filled_then_reset_trace,134217728,13,4096
101,1745244160,598,trace_trial2.csv,cfg0,filled_then_reset_trace,134217728,13,4096
102,1745248256,596,trace_trial2.csv,cfg0,filled_then_reset_trace,134217728,13,4096
103,1745252352,595,trace_trial2.csv,cfg0,filled_then_reset_trace,134217728,13,4096
104,1745256448,596,trace_trial2.csv,cfg0,filled_then_reset_trace,134217728,13,4096
105,1745260544,599,trace_trial2.csv,cfg0,filled_then_reset_trace,134217728,13,4096
106,1745264640,583,trace_trial2.csv,cfg0,filled_then_reset_trace,134217728,13,4096
107,1745268736,593,trace_trial2.csv,cfg0,filled_then_reset_trace,134217728,13,4096
108,1745272832,564,trace_trial2.csv,cfg0,filled_then_reset_trace,134217728,13,4096
109,1745276928,591,trace_trial2.csv,cfg0,filled_then_reset_trace,134217728,13,4096
110,1745281024,593,trace_trial2.csv,cfg0,filled_then_reset_trace,134217728,13,4096
111,1745285120,596,trace_trial2.csv,cfg0,filled_then_reset_trace,134217728,13,4096
112,1745289216,593,trace_trial2.csv,cfg0,filled_then_reset_trace,134217728,13,4096
113,1745293312,595,trace_trial2.csv,cfg0,filled_then_reset_trace,134217728,13,4096
114,1745297408,594,trace_trial2.csv,cfg0,filled_then_reset_trace,134217728,13,4096
115,1745301504,596,trace_trial2.csv,cfg0,filled_then_reset_trace,134217728,13,4096
116,1745305600,660,trace_trial2.csv,cfg0,filled_then_reset_trace,134217728,13,4096
117,1745309696,593,trace_trial2.csv,cfg0,filled_then_reset_trace,134217728,13,4096
118,1745313792,626,trace_trial2.csv,cfg0,filled_then_reset_trace,134217728,13,4096
119,1745317888,595,trace_trial2.csv,cfg0,filled_then_reset_trace,134217728,13,4096
120,1745321984,612,trace_trial2.csv,cfg0,filled_then_reset_trace,134217728,13,4096
121,1745326080,571,trace_trial2.csv,cfg0,filled_then_reset_trace,134217728,13,4096
122,1745330176,596,trace_trial2.csv,cfg0,filled_then_reset_trace,134217728,13,4096
123,1745334272,596,trace_trial2.csv,cfg0,filled_then_reset_trace,134217728,13,4096
124,1745338368,661,trace_trial2.csv,cfg0,filled_then_reset_trace,134217728,13,4096
125,1745342464,605,trace_trial2.csv,cfg0,filled_then_reset_trace,134217728,13,4096
126,1745346560,597,trace_trial2.csv,cfg0,filled_then_reset_trace,134217728,13,4096
127,1745350656,597,trace_trial2.csv,cfg0,filled_then_reset_trace,134217728,13,4096
128,1745354752,595,trace_trial2.csv,cfg0,filled_then_reset_trace,134217728,13,4096
129,1745358848,594,trace_trial2.csv,cfg0,filled_then_reset_trace,134217728,13,4096
130,1745362944,593,trace_trial2.csv,cfg0,filled_then_reset_trace,134217728,13,4096
131,1745367040,580,trace_trial2.csv,cfg0,filled_then_reset_trace,134217728,13,4096
132,1745371136,597,trace_trial2.csv,cfg0,filled_then_reset_trace,134217728,13,4096
133,1745375232,598,trace_trial2.csv,cfg0,filled_then_reset_trace,134217728,13,4096
134,1745379328,598,trace_trial2.csv,cfg0,filled_then_reset_trace,134217728,13,4096
135,1745383424,595,trace_trial2.csv,cfg0,filled_then_reset_trace,134217728,13,4096
136,1745387520,596,trace_trial2.csv,cfg0,filled_then_reset_trace,134217728,13,4096
137,1745391616,595,trace_trial2.csv,cfg0,filled_then_reset_trace,134217728,13,4096
138,1745395712,615,trace_trial2.csv,cfg0,filled_then_reset_trace,134217728,13,4096
139,1745399808,597,trace_trial2.csv,cfg0,filled_then_reset_trace,134217728,13,4096
140,1745403904,595,trace_trial2.csv,cfg0,filled_then_reset_trace,134217728,13,4096
141,1745408000,597,trace_trial2.csv,cfg0,filled_then_reset_trace,134217728,13,4096
142,1745412096,578,trace_trial2.csv,cfg0,filled_then_reset_trace,134217728,13,4096
143,1745416192,596,trace_trial2.csv,cfg0,filled_then_reset_trace,134217728,13,4096
144,1745420288,562,trace_trial2.csv,cfg0,filled_then_reset_trace,134217728,13,4096
145,1745424384,591,trace_trial2.csv,cfg0,filled_then_reset_trace,134217728,13,4096
146,1745428480,596,trace_trial2.csv,cfg0,filled_then_reset_trace,134217728,13,4096
147,1745432576,601,trace_trial2.csv,cfg0,filled_then_reset_trace,134217728,13,4096
148,1745436672,596,trace_trial2.csv,cfg0,filled_then_reset_trace,134217728,13,4096
149,1745440768,597,trace_trial2.csv,cfg0,filled_then_reset_trace,134217728,13,4096
150,1745444864,595,trace_trial2.csv,cfg0,filled_then_reset_trace,134217728,13,4096
151,1745448960,596,trace_trial2.csv,cfg0,filled_then_reset_trace,134217728,13,4096
152,1745453056,595,trace_trial2.csv,cfg0,filled_then_reset_trace,134217728,13,4096
153,1745457152,595,trace_trial2.csv,cfg0,filled_then_reset_trace,134217728,13,4096
154,1745461248,568,trace_trial2.csv,cfg0,filled_then_reset_trace,134217728,13,4096
155,1745465344,592,trace_trial2.csv,cfg0,filled_then_reset_trace,134217728,13,4096
156,1745469440,595,trace_trial2.csv,cfg0,filled_then_reset_trace,134217728,13,4096
157,1745473536,593,trace_trial2.csv,cfg0,filled_then_reset_trace,134217728,13,4096
158,1745477632,596,trace_trial2.csv,cfg0,filled_then_reset_trace,134217728,13,4096
159,1745481728,594,trace_trial2.csv,cfg0,filled_then_reset_trace,134217728,13,4096
160,1745485824,598,trace_trial2.csv,cfg0,filled_then_reset_trace,134217728,13,4096
161,1745489920,594,trace_trial2.csv,cfg0,filled_then_reset_trace,134217728,13,4096
162,1745494016,596,trace_trial2.csv,cfg0,filled_then_reset_trace,134217728,13,4096
163,1745498112,594,trace_trial2.csv,cfg0,filled_then_reset_trace,134217728,13,4096
164,1745502208,584,trace_trial2.csv,cfg0,filled_then_reset_trace,134217728,13,4096
165,1745506304,597,trace_trial2.csv,cfg0,filled_then_reset_trace,134217728,13,4096
166,1745510400,595,trace_trial2.csv,cfg0,filled_then_reset_trace,134217728,13,4096
167,1745514496,596,trace_trial2.csv,cfg0,filled_then_reset_trace,134217728,13,4096
168,1745518592,595,trace_trial2.csv,cfg0,filled_then_reset_trace,134217728,13,4096
169,1745522688,595,trace_trial2.csv,cfg0,filled_then_reset_trace,134217728,13,4096
170,1745526784,594,trace_trial2.csv,cfg0,filled_then_reset_trace,134217728,13,4096
171,1745530880,617,trace_trial2.csv,cfg0,filled_then_reset_trace,134217728,13,4096
172,1745534976,594,trace_trial2.csv,cfg0,filled_then_reset_trace,134217728,13,4096
173,1745539072,593,trace_trial2.csv,cfg0,filled_then_reset_trace,134217728,13,4096
174,1745543168,595,trace_trial2.csv,cfg0,filled_then_reset_trace,134217728,13,4096
175,1745547264,585,trace_trial2.csv,cfg0,filled_then_reset_trace,134217728,13,4096
176,1745551360,596,trace_trial2.csv,cfg0,filled_then_reset_trace,134217728,13,4096
177,1745555456,559,trace_trial2.csv,cfg0,filled_then_reset_trace,134217728,13,4096
178,1745559552,590,trace_trial2.csv,cfg0,filled_then_reset_trace,134217728,13,4096
179,1745563648,596,trace_trial2.csv,cfg0,filled_then_reset_trace,134217728,13,4096
180,1745567744,595,trace_trial2.csv,cfg0,filled_then_reset_trace,134217728,13,4096
181,1745571840,598,trace_trial2.csv,cfg0,filled_then_reset_trace,134217728,13,4096
182,1745575936,597,trace_trial2.csv,cfg0,filled_then_reset_trace,134217728,13,4096
183,1745580032,593,trace_trial2.csv,cfg0,filled_then_reset_trace,134217728,13,4096
184,1745584128,595,trace_trial2.csv,cfg0,filled_then_reset_trace,134217728,13,4096
185,1745588224,647,trace_trial2.csv,cfg0,filled_then_reset_trace,134217728,13,4096
186,1745592320,597,trace_trial2.csv,cfg0,filled_then_reset_trace,134217728,13,4096
187,1745596416,617,trace_trial2.csv,cfg0,filled_then_reset_trace,134217728,13,4096
188,1745600512,595,trace_trial2.csv,cfg0,filled_then_reset_trace,134217728,13,4096
189,1745604608,622,trace_trial2.csv,cfg0,filled_then_reset_trace,134217728,13,4096
190,1745608704,570,trace_trial2.csv,cfg0,filled_then_reset_trace,134217728,13,4096
191,1745612800,594,trace_trial2.csv,cfg0,filled_then_reset_trace,134217728,13,4096
192,1745616896,595,trace_trial2.csv,cfg0,filled_then_reset_trace,134217728,13,4096
193,1745620992,601,trace_trial2.csv,cfg0,filled_then_reset_trace,134217728,13,4096
194,1745625088,598,trace_trial2.csv,cfg0,filled_then_reset_trace,134217728,13,4096
195,1745629184,595,trace_trial2.csv,cfg0,filled_then_reset_trace,134217728,13,4096
196,1745633280,596,trace_trial2.csv,cfg0,filled_then_reset_trace,134217728,13,4096
197,1745637376,594,trace_trial2.csv,cfg0,filled_then_reset_trace,134217728,13,4096
198,1745641472,595,trace_trial2.csv,cfg0,filled_then_reset_trace,134217728,13,4096
199,1745645568,596,trace_trial2.csv,cfg0,filled_then_reset_trace,134217728,13,4096
200,1745649664,560,trace_trial2.csv,cfg0,filled_then_reset_trace,134217728,13,4096
201,1745653760,592,trace_trial2.csv,cfg0,filled_then_reset_trace,134217728,13,4096
202,1745657856,595,trace_trial2.csv,cfg0,filled_then_reset_trace,134217728,13,4096
203,1745661952,607,trace_trial2.csv,cfg0,filled_then_reset_trace,134217728,13,4096
204,1745666048,595,trace_trial2.csv,cfg0,filled_then_reset_trace,134217728,13,4096
205,1745670144,596,trace_trial2.csv,cfg0,filled_then_reset_trace,134217728,13,4096
206,1745674240,598,trace_trial2.csv,cfg0,filled_then_reset_trace,134217728,13,4096
207,1745678336,595,trace_trial2.csv,cfg0,filled_then_reset_trace,134217728,13,4096
208,1745682432,597,trace_trial2.csv,cfg0,filled_then_reset_trace,134217728,13,4096
209,1745686528,593,trace_trial2.csv,cfg0,filled_then_reset_trace,134217728,13,4096
210,1745690624,626,trace_trial2.csv,cfg0,filled_then_reset_trace,134217728,13,4096
211,1745694720,594,trace_trial2.csv,cfg0,filled_then_reset_trace,134217728,13,4096
212,1745698816,596,trace_trial2.csv,cfg0,filled_then_reset_trace,134217728,13,4096
213,1745702912,572,trace_trial2.csv,cfg0,filled_then_reset_trace,134217728,13,4096
214,1745707008,595,trace_trial2.csv,cfg0,filled_then_reset_trace,134217728,13,4096
215,1745711104,595,trace_trial2.csv,cfg0,filled_then_reset_trace,134217728,13,4096
216,1745715200,596,trace_trial2.csv,cfg0,filled_then_reset_trace,134217728,13,4096
217,1745719296,596,trace_trial2.csv,cfg0,filled_then_reset_trace,134217728,13,4096
218,1745723392,596,trace_trial2.csv,cfg0,filled_then_reset_trace,134217728,13,4096
219,1745727488,595,trace_trial2.csv,cfg0,filled_then_reset_trace,134217728,13,4096
220,1745731584,597,trace_trial2.csv,cfg0,filled_then_reset_trace,134217728,13,4096
221,1745735680,569,trace_trial2.csv,cfg0,filled_then_reset_trace,134217728,13,4096
222,1745739776,594,trace_trial2.csv,cfg0,filled_then_reset_trace,134217728,13,4096
223,1745743872,561,trace_trial2.csv,cfg0,filled_then_reset_trace,134217728,13,4096
224,1745747968,592,trace_trial2.csv,cfg0,filled_then_reset_trace,134217728,13,4096
225,1745752064,593,trace_trial2.csv,cfg0,filled_then_reset_trace,134217728,13,4096
226,1745756160,584,trace_trial2.csv,cfg0,filled_then_reset_trace,134217728,13,4096
227,1745760256,593,trace_trial2.csv,cfg0,filled_then_reset_trace,134217728,13,4096
228,1745764352,560,trace_trial2.csv,cfg0,filled_then_reset_trace,134217728,13,4096
229,1745768448,590,trace_trial2.csv,cfg0,filled_then_reset_trace,134217728,13,4096
230,1745772544,597,trace_trial2.csv,cfg0,filled_then_reset_trace,134217728,13,4096
231,1745776640,594,trace_trial2.csv,cfg0,filled_then_reset_trace,134217728,13,4096
232,1745780736,594,trace_trial2.csv,cfg0,filled_then_reset_trace,134217728,13,4096
233,1745784832,596,trace_trial2.csv,cfg0,filled_then_reset_trace,134217728,13,4096
234,1745788928,596,trace_trial2.csv,cfg0,filled_then_reset_trace,134217728,13,4096
235,1745793024,598,trace_trial2.csv,cfg0,filled_then_reset_trace,134217728,13,4096
236,1745797120,595,trace_trial2.csv,cfg0,filled_then_reset_trace,134217728,13,4096
237,1745801216,595,trace_trial2.csv,cfg0,filled_then_reset_trace,134217728,13,4096
238,1745805312,559,trace_trial2.csv,cfg0,filled_then_reset_trace,134217728,13,4096
239,1745809408,593,trace_trial2.csv,cfg0,filled_then_reset_trace,134217728,13,4096
240,1745813504,593,trace_trial2.csv,cfg0,filled_then_reset_trace,134217728,13,4096
241,1745817600,597,trace_trial2.csv,cfg0,filled_then_reset_trace,134217728,13,4096
242,1745821696,595,trace_trial2.csv,cfg0,filled_then_reset_trace,134217728,13,4096
243,1745825792,596,trace_trial2.csv,cfg0,filled_then_reset_trace,134217728,13,4096
244,1745829888,597,trace_trial2.csv,cfg0,filled_then_reset_trace,134217728,13,4096
245,1745833984,595,trace_trial2.csv,cfg0,filled_then_reset_trace,134217728,13,4096
246,1745838080,594,trace_trial2.csv,cfg0,filled_then_reset_trace,134217728,13,4096
247,1745842176,595,trace_trial2.csv,cfg0,filled_then_reset_trace,134217728,13,4096
248,1745846272,646,trace_trial2.csv,cfg0,filled_then_reset_trace,134217728,13,4096
249,1745850368,595,trace_trial2.csv,cfg0,filled_then_reset_trace,134217728,13,4096
250,1745854464,608,trace_trial2.csv,cfg0,filled_then_reset_trace,134217728,13,4096
251,1745858560,570,trace_trial2.csv,cfg0,filled_then_reset_trace,134217728,13,4096
252,1745862656,601,trace_trial2.csv,cfg0,filled_then_reset_trace,134217728,13,4096
253,1745866752,601,trace_trial2.csv,cfg0,filled_then_reset_trace,134217728,13,4096
254,1745870848,652,trace_trial2.csv,cfg0,filled_then_reset_trace,134217728,13,4096
255,1745874944,597,trace_trial2.csv,cfg0,filled_then_reset_trace,134217728,13,4096
0,1744830464,743,trace_trial3.csv,cfg0,filled_then_reset_trace,134217728,13,4096
1,1744834560,633,trace_trial3.csv,cfg0,filled_then_reset_trace,134217728,13,4096
2,1744838656,625,trace_trial3.csv,cfg0,filled_then_reset_trace,134217728,13,4096
3,1744842752,641,trace_trial3.csv,cfg0,filled_then_reset_trace,134217728,13,4096
4,1744846848,634,trace_trial3.csv,cfg0,filled_then_reset_trace,134217728,13,4096
5,1744850944,558,trace_trial3.csv,cfg0,filled_then_reset_trace,134217728,13,4096
6,1744855040,563,trace_trial3.csv,cfg0,filled_then_reset_trace,134217728,13,4096
7,1744859136,623,trace_trial3.csv,cfg0,filled_then_reset_trace,134217728,13,4096
8,1744863232,619,trace_trial3.csv,cfg0,filled_then_reset_trace,134217728,13,4096
9,1744867328,636,trace_trial3.csv,cfg0,filled_then_reset_trace,134217728,13,4096
10,1744871424,678,trace_trial3.csv,cfg0,filled_then_reset_trace,134217728,13,4096
11,1744875520,633,trace_trial3.csv,cfg0,filled_then_reset_trace,134217728,13,4096
12,1744879616,559,trace_trial3.csv,cfg0,filled_then_reset_trace,134217728,13,4096
13,1744883712,593,trace_trial3.csv,cfg0,filled_then_reset_trace,134217728,13,4096
14,1744887808,630,trace_trial3.csv,cfg0,filled_then_reset_trace,134217728,13,4096
15,1744891904,634,trace_trial3.csv,cfg0,filled_then_reset_trace,134217728,13,4096
16,1744896000,566,trace_trial3.csv,cfg0,filled_then_reset_trace,134217728,13,4096
17,1744900096,634,trace_trial3.csv,cfg0,filled_then_reset_trace,134217728,13,4096
18,1744904192,630,trace_trial3.csv,cfg0,filled_then_reset_trace,134217728,13,4096
19,1744908288,638,trace_trial3.csv,cfg0,filled_then_reset_trace,134217728,13,4096
20,1744912384,630,trace_trial3.csv,cfg0,filled_then_reset_trace,134217728,13,4096
21,1744916480,556,trace_trial3.csv,cfg0,filled_then_reset_trace,134217728,13,4096
22,1744920576,623,trace_trial3.csv,cfg0,filled_then_reset_trace,134217728,13,4096
23,1744924672,633,trace_trial3.csv,cfg0,filled_then_reset_trace,134217728,13,4096
24,1744928768,566,trace_trial3.csv,cfg0,filled_then_reset_trace,134217728,13,4096
25,1744932864,559,trace_trial3.csv,cfg0,filled_then_reset_trace,134217728,13,4096
26,1744936960,627,trace_trial3.csv,cfg0,filled_then_reset_trace,134217728,13,4096
27,1744941056,639,trace_trial3.csv,cfg0,filled_then_reset_trace,134217728,13,4096
28,1744945152,639,trace_trial3.csv,cfg0,filled_then_reset_trace,134217728,13,4096
29,1744949248,566,trace_trial3.csv,cfg0,filled_then_reset_trace,134217728,13,4096
30,1744953344,631,trace_trial3.csv,cfg0,filled_then_reset_trace,134217728,13,4096
31,1744957440,608,trace_trial3.csv,cfg0,filled_then_reset_trace,134217728,13,4096
32,1744961536,636,trace_trial3.csv,cfg0,filled_then_reset_trace,134217728,13,4096
33,1744965632,629,trace_trial3.csv,cfg0,filled_then_reset_trace,134217728,13,4096
34,1744969728,626,trace_trial3.csv,cfg0,filled_then_reset_trace,134217728,13,4096
35,1744973824,644,trace_trial3.csv,cfg0,filled_then_reset_trace,134217728,13,4096
36,1744977920,630,trace_trial3.csv,cfg0,filled_then_reset_trace,134217728,13,4096
37,1744982016,557,trace_trial3.csv,cfg0,filled_then_reset_trace,134217728,13,4096
38,1744986112,582,trace_trial3.csv,cfg0,filled_then_reset_trace,134217728,13,4096
39,1744990208,648,trace_trial3.csv,cfg0,filled_then_reset_trace,134217728,13,4096
40,1744994304,577,trace_trial3.csv,cfg0,filled_then_reset_trace,134217728,13,4096
41,1744998400,635,trace_trial3.csv,cfg0,filled_then_reset_trace,134217728,13,4096
42,1745002496,625,trace_trial3.csv,cfg0,filled_then_reset_trace,134217728,13,4096
43,1745006592,635,trace_trial3.csv,cfg0,filled_then_reset_trace,134217728,13,4096
44,1745010688,552,trace_trial3.csv,cfg0,filled_then_reset_trace,134217728,13,4096
45,1745014784,627,trace_trial3.csv,cfg0,filled_then_reset_trace,134217728,13,4096
46,1745018880,637,trace_trial3.csv,cfg0,filled_then_reset_trace,134217728,13,4096
47,1745022976,628,trace_trial3.csv,cfg0,filled_then_reset_trace,134217728,13,4096
48,1745027072,566,trace_trial3.csv,cfg0,filled_then_reset_trace,134217728,13,4096
49,1745031168,628,trace_trial3.csv,cfg0,filled_then_reset_trace,134217728,13,4096
50,1745035264,610,trace_trial3.csv,cfg0,filled_then_reset_trace,134217728,13,4096
51,1745039360,577,trace_trial3.csv,cfg0,filled_then_reset_trace,134217728,13,4096
52,1745043456,631,trace_trial3.csv,cfg0,filled_then_reset_trace,134217728,13,4096
53,1745047552,573,trace_trial3.csv,cfg0,filled_then_reset_trace,134217728,13,4096
54,1745051648,633,trace_trial3.csv,cfg0,filled_then_reset_trace,134217728,13,4096
55,1745055744,628,trace_trial3.csv,cfg0,filled_then_reset_trace,134217728,13,4096
56,1745059840,605,trace_trial3.csv,cfg0,filled_then_reset_trace,134217728,13,4096
57,1745063936,560,trace_trial3.csv,cfg0,filled_then_reset_trace,134217728,13,4096
58,1745068032,631,trace_trial3.csv,cfg0,filled_then_reset_trace,134217728,13,4096
59,1745072128,635,trace_trial3.csv,cfg0,filled_then_reset_trace,134217728,13,4096
60,1745076224,632,trace_trial3.csv,cfg0,filled_then_reset_trace,134217728,13,4096
61,1745080320,639,trace_trial3.csv,cfg0,filled_then_reset_trace,134217728,13,4096
62,1745084416,635,trace_trial3.csv,cfg0,filled_then_reset_trace,134217728,13,4096
63,1745088512,636,trace_trial3.csv,cfg0,filled_then_reset_trace,134217728,13,4096
64,1745092608,627,trace_trial3.csv,cfg0,filled_then_reset_trace,134217728,13,4096
65,1745096704,646,trace_trial3.csv,cfg0,filled_then_reset_trace,134217728,13,4096
66,1745100800,633,trace_trial3.csv,cfg0,filled_then_reset_trace,134217728,13,4096
67,1745104896,591,trace_trial3.csv,cfg0,filled_then_reset_trace,134217728,13,4096
68,1745108992,637,trace_trial3.csv,cfg0,filled_then_reset_trace,134217728,13,4096
69,1745113088,627,trace_trial3.csv,cfg0,filled_then_reset_trace,134217728,13,4096
70,1745117184,641,trace_trial3.csv,cfg0,filled_then_reset_trace,134217728,13,4096
71,1745121280,634,trace_trial3.csv,cfg0,filled_then_reset_trace,134217728,13,4096
72,1745125376,635,trace_trial3.csv,cfg0,filled_then_reset_trace,134217728,13,4096
73,1745129472,638,trace_trial3.csv,cfg0,filled_then_reset_trace,134217728,13,4096
74,1745133568,640,trace_trial3.csv,cfg0,filled_then_reset_trace,134217728,13,4096
75,1745137664,635,trace_trial3.csv,cfg0,filled_then_reset_trace,134217728,13,4096
76,1745141760,636,trace_trial3.csv,cfg0,filled_then_reset_trace,134217728,13,4096
77,1745145856,635,trace_trial3.csv,cfg0,filled_then_reset_trace,134217728,13,4096
78,1745149952,570,trace_trial3.csv,cfg0,filled_then_reset_trace,134217728,13,4096
79,1745154048,638,trace_trial3.csv,cfg0,filled_then_reset_trace,134217728,13,4096
80,1745158144,639,trace_trial3.csv,cfg0,filled_then_reset_trace,134217728,13,4096
81,1745162240,648,trace_trial3.csv,cfg0,filled_then_reset_trace,134217728,13,4096
82,1745166336,636,trace_trial3.csv,cfg0,filled_then_reset_trace,134217728,13,4096
83,1745170432,637,trace_trial3.csv,cfg0,filled_then_reset_trace,134217728,13,4096
84,1745174528,635,trace_trial3.csv,cfg0,filled_then_reset_trace,134217728,13,4096
85,1745178624,636,trace_trial3.csv,cfg0,filled_then_reset_trace,134217728,13,4096
86,1745182720,633,trace_trial3.csv,cfg0,filled_then_reset_trace,134217728,13,4096
87,1745186816,639,trace_trial3.csv,cfg0,filled_then_reset_trace,134217728,13,4096
88,1745190912,612,trace_trial3.csv,cfg0,filled_then_reset_trace,134217728,13,4096
89,1745195008,572,trace_trial3.csv,cfg0,filled_then_reset_trace,134217728,13,4096
90,1745199104,637,trace_trial3.csv,cfg0,filled_then_reset_trace,134217728,13,4096
91,1745203200,641,trace_trial3.csv,cfg0,filled_then_reset_trace,134217728,13,4096
92,1745207296,639,trace_trial3.csv,cfg0,filled_then_reset_trace,134217728,13,4096
93,1745211392,647,trace_trial3.csv,cfg0,filled_then_reset_trace,134217728,13,4096
94,1745215488,635,trace_trial3.csv,cfg0,filled_then_reset_trace,134217728,13,4096
95,1745219584,643,trace_trial3.csv,cfg0,filled_then_reset_trace,134217728,13,4096
96,1745223680,639,trace_trial3.csv,cfg0,filled_then_reset_trace,134217728,13,4096
97,1745227776,636,trace_trial3.csv,cfg0,filled_then_reset_trace,134217728,13,4096
98,1745231872,639,trace_trial3.csv,cfg0,filled_then_reset_trace,134217728,13,4096
99,1745235968,642,trace_trial3.csv,cfg0,filled_then_reset_trace,134217728,13,4096
100,1745240064,638,trace_trial3.csv,cfg0,filled_then_reset_trace,134217728,13,4096
101,1745244160,635,trace_trial3.csv,cfg0,filled_then_reset_trace,134217728,13,4096
102,1745248256,633,trace_trial3.csv,cfg0,filled_then_reset_trace,134217728,13,4096
103,1745252352,634,trace_trial3.csv,cfg0,filled_then_reset_trace,134217728,13,4096
104,1745256448,631,trace_trial3.csv,cfg0,filled_then_reset_trace,134217728,13,4096
105,1745260544,634,trace_trial3.csv,cfg0,filled_then_reset_trace,134217728,13,4096
106,1745264640,635,trace_trial3.csv,cfg0,filled_then_reset_trace,134217728,13,4096
107,1745268736,636,trace_trial3.csv,cfg0,filled_then_reset_trace,134217728,13,4096
108,1745272832,634,trace_trial3.csv,cfg0,filled_then_reset_trace,134217728,13,4096
109,1745276928,570,trace_trial3.csv,cfg0,filled_then_reset_trace,134217728,13,4096
110,1745281024,634,trace_trial3.csv,cfg0,filled_then_reset_trace,134217728,13,4096
111,1745285120,634,trace_trial3.csv,cfg0,filled_then_reset_trace,134217728,13,4096
112,1745289216,635,trace_trial3.csv,cfg0,filled_then_reset_trace,134217728,13,4096
113,1745293312,640,trace_trial3.csv,cfg0,filled_then_reset_trace,134217728,13,4096
114,1745297408,635,trace_trial3.csv,cfg0,filled_then_reset_trace,134217728,13,4096
115,1745301504,640,trace_trial3.csv,cfg0,filled_then_reset_trace,134217728,13,4096
116,1745305600,633,trace_trial3.csv,cfg0,filled_then_reset_trace,134217728,13,4096
117,1745309696,639,trace_trial3.csv,cfg0,filled_then_reset_trace,134217728,13,4096
118,1745313792,637,trace_trial3.csv,cfg0,filled_then_reset_trace,134217728,13,4096
119,1745317888,634,trace_trial3.csv,cfg0,filled_then_reset_trace,134217728,13,4096
120,1745321984,571,trace_trial3.csv,cfg0,filled_then_reset_trace,134217728,13,4096
121,1745326080,639,trace_trial3.csv,cfg0,filled_then_reset_trace,134217728,13,4096
122,1745330176,633,trace_trial3.csv,cfg0,filled_then_reset_trace,134217728,13,4096
123,1745334272,634,trace_trial3.csv,cfg0,filled_then_reset_trace,134217728,13,4096
124,1745338368,637,trace_trial3.csv,cfg0,filled_then_reset_trace,134217728,13,4096
125,1745342464,636,trace_trial3.csv,cfg0,filled_then_reset_trace,134217728,13,4096
126,1745346560,637,trace_trial3.csv,cfg0,filled_then_reset_trace,134217728,13,4096
127,1745350656,633,trace_trial3.csv,cfg0,filled_then_reset_trace,134217728,13,4096
128,1745354752,639,trace_trial3.csv,cfg0,filled_then_reset_trace,134217728,13,4096
129,1745358848,640,trace_trial3.csv,cfg0,filled_then_reset_trace,134217728,13,4096
130,1745362944,636,trace_trial3.csv,cfg0,filled_then_reset_trace,134217728,13,4096
131,1745367040,569,trace_trial3.csv,cfg0,filled_then_reset_trace,134217728,13,4096
132,1745371136,638,trace_trial3.csv,cfg0,filled_then_reset_trace,134217728,13,4096
133,1745375232,639,trace_trial3.csv,cfg0,filled_then_reset_trace,134217728,13,4096
134,1745379328,638,trace_trial3.csv,cfg0,filled_then_reset_trace,134217728,13,4096
135,1745383424,632,trace_trial3.csv,cfg0,filled_then_reset_trace,134217728,13,4096
136,1745387520,638,trace_trial3.csv,cfg0,filled_then_reset_trace,134217728,13,4096
137,1745391616,635,trace_trial3.csv,cfg0,filled_then_reset_trace,134217728,13,4096
138,1745395712,639,trace_trial3.csv,cfg0,filled_then_reset_trace,134217728,13,4096
139,1745399808,636,trace_trial3.csv,cfg0,filled_then_reset_trace,134217728,13,4096
140,1745403904,639,trace_trial3.csv,cfg0,filled_then_reset_trace,134217728,13,4096
141,1745408000,631,trace_trial3.csv,cfg0,filled_then_reset_trace,134217728,13,4096
142,1745412096,647,trace_trial3.csv,cfg0,filled_then_reset_trace,134217728,13,4096
143,1745416192,627,trace_trial3.csv,cfg0,filled_then_reset_trace,134217728,13,4096
144,1745420288,595,trace_trial3.csv,cfg0,filled_then_reset_trace,134217728,13,4096
145,1745424384,560,trace_trial3.csv,cfg0,filled_then_reset_trace,134217728,13,4096
146,1745428480,631,trace_trial3.csv,cfg0,filled_then_reset_trace,134217728,13,4096
147,1745432576,633,trace_trial3.csv,cfg0,filled_then_reset_trace,134217728,13,4096
148,1745436672,632,trace_trial3.csv,cfg0,filled_then_reset_trace,134217728,13,4096
149,1745440768,637,trace_trial3.csv,cfg0,filled_then_reset_trace,134217728,13,4096
150,1745444864,635,trace_trial3.csv,cfg0,filled_then_reset_trace,134217728,13,4096
151,1745448960,638,trace_trial3.csv,cfg0,filled_then_reset_trace,134217728,13,4096
152,1745453056,634,trace_trial3.csv,cfg0,filled_then_reset_trace,134217728,13,4096
153,1745457152,635,trace_trial3.csv,cfg0,filled_then_reset_trace,134217728,13,4096
154,1745461248,633,trace_trial3.csv,cfg0,filled_then_reset_trace,134217728,13,4096
155,1745465344,638,trace_trial3.csv,cfg0,filled_then_reset_trace,134217728,13,4096
156,1745469440,632,trace_trial3.csv,cfg0,filled_then_reset_trace,134217728,13,4096
157,1745473536,646,trace_trial3.csv,cfg0,filled_then_reset_trace,134217728,13,4096
158,1745477632,632,trace_trial3.csv,cfg0,filled_then_reset_trace,134217728,13,4096
159,1745481728,640,trace_trial3.csv,cfg0,filled_then_reset_trace,134217728,13,4096
160,1745485824,638,trace_trial3.csv,cfg0,filled_then_reset_trace,134217728,13,4096
161,1745489920,638,trace_trial3.csv,cfg0,filled_then_reset_trace,134217728,13,4096
162,1745494016,644,trace_trial3.csv,cfg0,filled_then_reset_trace,134217728,13,4096
163,1745498112,634,trace_trial3.csv,cfg0,filled_then_reset_trace,134217728,13,4096
164,1745502208,634,trace_trial3.csv,cfg0,filled_then_reset_trace,134217728,13,4096
165,1745506304,570,trace_trial3.csv,cfg0,filled_then_reset_trace,134217728,13,4096
166,1745510400,643,trace_trial3.csv,cfg0,filled_then_reset_trace,134217728,13,4096
167,1745514496,637,trace_trial3.csv,cfg0,filled_then_reset_trace,134217728,13,4096
168,1745518592,638,trace_trial3.csv,cfg0,filled_then_reset_trace,134217728,13,4096
169,1745522688,640,trace_trial3.csv,cfg0,filled_then_reset_trace,134217728,13,4096
170,1745526784,638,trace_trial3.csv,cfg0,filled_then_reset_trace,134217728,13,4096
171,1745530880,639,trace_trial3.csv,cfg0,filled_then_reset_trace,134217728,13,4096
172,1745534976,640,trace_trial3.csv,cfg0,filled_then_reset_trace,134217728,13,4096
173,1745539072,633,trace_trial3.csv,cfg0,filled_then_reset_trace,134217728,13,4096
174,1745543168,631,trace_trial3.csv,cfg0,filled_then_reset_trace,134217728,13,4096
175,1745547264,632,trace_trial3.csv,cfg0,filled_then_reset_trace,134217728,13,4096
176,1745551360,561,trace_trial3.csv,cfg0,filled_then_reset_trace,134217728,13,4096
177,1745555456,633,trace_trial3.csv,cfg0,filled_then_reset_trace,134217728,13,4096
178,1745559552,634,trace_trial3.csv,cfg0,filled_then_reset_trace,134217728,13,4096
179,1745563648,635,trace_trial3.csv,cfg0,filled_then_reset_trace,134217728,13,4096
180,1745567744,634,trace_trial3.csv,cfg0,filled_then_reset_trace,134217728,13,4096
181,1745571840,634,trace_trial3.csv,cfg0,filled_then_reset_trace,134217728,13,4096
182,1745575936,636,trace_trial3.csv,cfg0,filled_then_reset_trace,134217728,13,4096
183,1745580032,637,trace_trial3.csv,cfg0,filled_then_reset_trace,134217728,13,4096
184,1745584128,634,trace_trial3.csv,cfg0,filled_then_reset_trace,134217728,13,4096
185,1745588224,641,trace_trial3.csv,cfg0,filled_then_reset_trace,134217728,13,4096
186,1745592320,632,trace_trial3.csv,cfg0,filled_then_reset_trace,134217728,13,4096
187,1745596416,559,trace_trial3.csv,cfg0,filled_then_reset_trace,134217728,13,4096
188,1745600512,632,trace_trial3.csv,cfg0,filled_then_reset_trace,134217728,13,4096
189,1745604608,643,trace_trial3.csv,cfg0,filled_then_reset_trace,134217728,13,4096
190,1745608704,640,trace_trial3.csv,cfg0,filled_then_reset_trace,134217728,13,4096
191,1745612800,633,trace_trial3.csv,cfg0,filled_then_reset_trace,134217728,13,4096
192,1745616896,638,trace_trial3.csv,cfg0,filled_then_reset_trace,134217728,13,4096
193,1745620992,636,trace_trial3.csv,cfg0,filled_then_reset_trace,134217728,13,4096
194,1745625088,640,trace_trial3.csv,cfg0,filled_then_reset_trace,134217728,13,4096
195,1745629184,631,trace_trial3.csv,cfg0,filled_then_reset_trace,134217728,13,4096
196,1745633280,608,trace_trial3.csv,cfg0,filled_then_reset_trace,134217728,13,4096
197,1745637376,633,trace_trial3.csv,cfg0,filled_then_reset_trace,134217728,13,4096
198,1745641472,638,trace_trial3.csv,cfg0,filled_then_reset_trace,134217728,13,4096
199,1745645568,645,trace_trial3.csv,cfg0,filled_then_reset_trace,134217728,13,4096
200,1745649664,638,trace_trial3.csv,cfg0,filled_then_reset_trace,134217728,13,4096
201,1745653760,641,trace_trial3.csv,cfg0,filled_then_reset_trace,134217728,13,4096
202,1745657856,639,trace_trial3.csv,cfg0,filled_then_reset_trace,134217728,13,4096
203,1745661952,642,trace_trial3.csv,cfg0,filled_then_reset_trace,134217728,13,4096
204,1745666048,640,trace_trial3.csv,cfg0,filled_then_reset_trace,134217728,13,4096
205,1745670144,638,trace_trial3.csv,cfg0,filled_then_reset_trace,134217728,13,4096
206,1745674240,642,trace_trial3.csv,cfg0,filled_then_reset_trace,134217728,13,4096
207,1745678336,570,trace_trial3.csv,cfg0,filled_then_reset_trace,134217728,13,4096
208,1745682432,632,trace_trial3.csv,cfg0,filled_then_reset_trace,134217728,13,4096
209,1745686528,636,trace_trial3.csv,cfg0,filled_then_reset_trace,134217728,13,4096
210,1745690624,635,trace_trial3.csv,cfg0,filled_then_reset_trace,134217728,13,4096
211,1745694720,634,trace_trial3.csv,cfg0,filled_then_reset_trace,134217728,13,4096
212,1745698816,636,trace_trial3.csv,cfg0,filled_then_reset_trace,134217728,13,4096
213,1745702912,635,trace_trial3.csv,cfg0,filled_then_reset_trace,134217728,13,4096
214,1745707008,636,trace_trial3.csv,cfg0,filled_then_reset_trace,134217728,13,4096
215,1745711104,647,trace_trial3.csv,cfg0,filled_then_reset_trace,134217728,13,4096
216,1745715200,646,trace_trial3.csv,cfg0,filled_then_reset_trace,134217728,13,4096
217,1745719296,638,trace_trial3.csv,cfg0,filled_then_reset_trace,134217728,13,4096
218,1745723392,560,trace_trial3.csv,cfg0,filled_then_reset_trace,134217728,13,4096
219,1745727488,636,trace_trial3.csv,cfg0,filled_then_reset_trace,134217728,13,4096
220,1745731584,631,trace_trial3.csv,cfg0,filled_then_reset_trace,134217728,13,4096
221,1745735680,634,trace_trial3.csv,cfg0,filled_then_reset_trace,134217728,13,4096
222,1745739776,639,trace_trial3.csv,cfg0,filled_then_reset_trace,134217728,13,4096
223,1745743872,632,trace_trial3.csv,cfg0,filled_then_reset_trace,134217728,13,4096
224,1745747968,636,trace_trial3.csv,cfg0,filled_then_reset_trace,134217728,13,4096
225,1745752064,635,trace_trial3.csv,cfg0,filled_then_reset_trace,134217728,13,4096
226,1745756160,639,trace_trial3.csv,cfg0,filled_then_reset_trace,134217728,13,4096
227,1745760256,616,trace_trial3.csv,cfg0,filled_then_reset_trace,134217728,13,4096
228,1745764352,633,trace_trial3.csv,cfg0,filled_then_reset_trace,134217728,13,4096
229,1745768448,635,trace_trial3.csv,cfg0,filled_then_reset_trace,134217728,13,4096
230,1745772544,646,trace_trial3.csv,cfg0,filled_then_reset_trace,134217728,13,4096
231,1745776640,634,trace_trial3.csv,cfg0,filled_then_reset_trace,134217728,13,4096
232,1745780736,637,trace_trial3.csv,cfg0,filled_then_reset_trace,134217728,13,4096
233,1745784832,632,trace_trial3.csv,cfg0,filled_then_reset_trace,134217728,13,4096
234,1745788928,636,trace_trial3.csv,cfg0,filled_then_reset_trace,134217728,13,4096
235,1745793024,640,trace_trial3.csv,cfg0,filled_then_reset_trace,134217728,13,4096
236,1745797120,632,trace_trial3.csv,cfg0,filled_then_reset_trace,134217728,13,4096
237,1745801216,640,trace_trial3.csv,cfg0,filled_then_reset_trace,134217728,13,4096
238,1745805312,570,trace_trial3.csv,cfg0,filled_then_reset_trace,134217728,13,4096
239,1745809408,637,trace_trial3.csv,cfg0,filled_then_reset_trace,134217728,13,4096
240,1745813504,641,trace_trial3.csv,cfg0,filled_then_reset_trace,134217728,13,4096
241,1745817600,639,trace_trial3.csv,cfg0,filled_then_reset_trace,134217728,13,4096
242,1745821696,637,trace_trial3.csv,cfg0,filled_then_reset_trace,134217728,13,4096
243,1745825792,638,trace_trial3.csv,cfg0,filled_then_reset_trace,134217728,13,4096
244,1745829888,640,trace_trial3.csv,cfg0,filled_then_reset_trace,134217728,13,4096
245,1745833984,630,trace_trial3.csv,cfg0,filled_then_reset_trace,134217728,13,4096
246,1745838080,633,trace_trial3.csv,cfg0,filled_then_reset_trace,134217728,13,4096
247,1745842176,631,trace_trial3.csv,cfg0,filled_then_reset_trace,134217728,13,4096
248,1745846272,645,trace_trial3.csv,cfg0,filled_then_reset_trace,134217728,13,4096
249,1745850368,571,trace_trial3.csv,cfg0,filled_then_reset_trace,134217728,13,4096
250,1745854464,635,trace_trial3.csv,cfg0,filled_then_reset_trace,134217728,13,4096
251,1745858560,634,trace_trial3.csv,cfg0,filled_then_reset_trace,134217728,13,4096
252,1745862656,638,trace_trial3.csv,cfg0,filled_then_reset_trace,134217728,13,4096
253,1745866752,639,trace_trial3.csv,cfg0,filled_then_reset_trace,134217728,13,4096
254,1745870848,640,trace_trial3.csv,cfg0,filled_then_reset_trace,134217728,13,4096
255,1745874944,640,trace_trial3.csv,cfg0,filled_then_reset_trace,134217728,13,4096
0,1744830464,740,trace_trial4.csv,cfg0,filled_then_reset_trace,134217728,13,4096
1,1744834560,635,trace_trial4.csv,cfg0,filled_then_reset_trace,134217728,13,4096
2,1744838656,651,trace_trial4.csv,cfg0,filled_then_reset_trace,134217728,13,4096
3,1744842752,636,trace_trial4.csv,cfg0,filled_then_reset_trace,134217728,13,4096
4,1744846848,559,trace_trial4.csv,cfg0,filled_then_reset_trace,134217728,13,4096
5,1744850944,634,trace_trial4.csv,cfg0,filled_then_reset_trace,134217728,13,4096
6,1744855040,639,trace_trial4.csv,cfg0,filled_then_reset_trace,134217728,13,4096
7,1744859136,636,trace_trial4.csv,cfg0,filled_then_reset_trace,134217728,13,4096
8,1744863232,568,trace_trial4.csv,cfg0,filled_then_reset_trace,134217728,13,4096
9,1744867328,640,trace_trial4.csv,cfg0,filled_then_reset_trace,134217728,13,4096
10,1744871424,644,trace_trial4.csv,cfg0,filled_then_reset_trace,134217728,13,4096
11,1744875520,621,trace_trial4.csv,cfg0,filled_then_reset_trace,134217728,13,4096
12,1744879616,633,trace_trial4.csv,cfg0,filled_then_reset_trace,134217728,13,4096
13,1744883712,653,trace_trial4.csv,cfg0,filled_then_reset_trace,134217728,13,4096
14,1744887808,636,trace_trial4.csv,cfg0,filled_then_reset_trace,134217728,13,4096
15,1744891904,641,trace_trial4.csv,cfg0,filled_then_reset_trace,134217728,13,4096
16,1744896000,629,trace_trial4.csv,cfg0,filled_then_reset_trace,134217728,13,4096
17,1744900096,640,trace_trial4.csv,cfg0,filled_then_reset_trace,134217728,13,4096
18,1744904192,635,trace_trial4.csv,cfg0,filled_then_reset_trace,134217728,13,4096
19,1744908288,639,trace_trial4.csv,cfg0,filled_then_reset_trace,134217728,13,4096
20,1744912384,640,trace_trial4.csv,cfg0,filled_then_reset_trace,134217728,13,4096
21,1744916480,637,trace_trial4.csv,cfg0,filled_then_reset_trace,134217728,13,4096
22,1744920576,567,trace_trial4.csv,cfg0,filled_then_reset_trace,134217728,13,4096
23,1744924672,559,trace_trial4.csv,cfg0,filled_then_reset_trace,134217728,13,4096
24,1744928768,646,trace_trial4.csv,cfg0,filled_then_reset_trace,134217728,13,4096
25,1744932864,631,trace_trial4.csv,cfg0,filled_then_reset_trace,134217728,13,4096
26,1744936960,640,trace_trial4.csv,cfg0,filled_then_reset_trace,134217728,13,4096
27,1744941056,625,trace_trial4.csv,cfg0,filled_then_reset_trace,134217728,13,4096
28,1744945152,640,trace_trial4.csv,cfg0,filled_then_reset_trace,134217728,13,4096
29,1744949248,560,trace_trial4.csv,cfg0,filled_then_reset_trace,134217728,13,4096
30,1744953344,635,trace_trial4.csv,cfg0,filled_then_reset_trace,134217728,13,4096
31,1744957440,635,trace_trial4.csv,cfg0,filled_then_reset_trace,134217728,13,4096
32,1744961536,632,trace_trial4.csv,cfg0,filled_then_reset_trace,134217728,13,4096
33,1744965632,568,trace_trial4.csv,cfg0,filled_then_reset_trace,134217728,13,4096
34,1744969728,638,trace_trial4.csv,cfg0,filled_then_reset_trace,134217728,13,4096
35,1744973824,622,trace_trial4.csv,cfg0,filled_then_reset_trace,134217728,13,4096
36,1744977920,636,trace_trial4.csv,cfg0,filled_then_reset_trace,134217728,13,4096
37,1744982016,600,trace_trial4.csv,cfg0,filled_then_reset_trace,134217728,13,4096
38,1744986112,559,trace_trial4.csv,cfg0,filled_then_reset_trace,134217728,13,4096
39,1744990208,651,trace_trial4.csv,cfg0,filled_then_reset_trace,134217728,13,4096
40,1744994304,634,trace_trial4.csv,cfg0,filled_then_reset_trace,134217728,13,4096
41,1744998400,569,trace_trial4.csv,cfg0,filled_then_reset_trace,134217728,13,4096
42,1745002496,559,trace_trial4.csv,cfg0,filled_then_reset_trace,134217728,13,4096
43,1745006592,634,trace_trial4.csv,cfg0,filled_then_reset_trace,134217728,13,4096
44,1745010688,627,trace_trial4.csv,cfg0,filled_then_reset_trace,134217728,13,4096
45,1745014784,628,trace_trial4.csv,cfg0,filled_then_reset_trace,134217728,13,4096
46,1745018880,567,trace_trial4.csv,cfg0,filled_then_reset_trace,134217728,13,4096
47,1745022976,641,trace_trial4.csv,cfg0,filled_then_reset_trace,134217728,13,4096
48,1745027072,619,trace_trial4.csv,cfg0,filled_then_reset_trace,134217728,13,4096
49,1745031168,627,trace_trial4.csv,cfg0,filled_then_reset_trace,134217728,13,4096
50,1745035264,629,trace_trial4.csv,cfg0,filled_then_reset_trace,134217728,13,4096
51,1745039360,659,trace_trial4.csv,cfg0,filled_then_reset_trace,134217728,13,4096
52,1745043456,629,trace_trial4.csv,cfg0,filled_then_reset_trace,134217728,13,4096
53,1745047552,635,trace_trial4.csv,cfg0,filled_then_reset_trace,134217728,13,4096
54,1745051648,637,trace_trial4.csv,cfg0,filled_then_reset_trace,134217728,13,4096
55,1745055744,648,trace_trial4.csv,cfg0,filled_then_reset_trace,134217728,13,4096
56,1745059840,629,trace_trial4.csv,cfg0,filled_then_reset_trace,134217728,13,4096
57,1745063936,558,trace_trial4.csv,cfg0,filled_then_reset_trace,134217728,13,4096
58,1745068032,625,trace_trial4.csv,cfg0,filled_then_reset_trace,134217728,13,4096
59,1745072128,635,trace_trial4.csv,cfg0,filled_then_reset_trace,134217728,13,4096
60,1745076224,575,trace_trial4.csv,cfg0,filled_then_reset_trace,134217728,13,4096
61,1745080320,560,trace_trial4.csv,cfg0,filled_then_reset_trace,134217728,13,4096
62,1745084416,629,trace_trial4.csv,cfg0,filled_then_reset_trace,134217728,13,4096
63,1745088512,630,trace_trial4.csv,cfg0,filled_then_reset_trace,134217728,13,4096
64,1745092608,632,trace_trial4.csv,cfg0,filled_then_reset_trace,134217728,13,4096
65,1745096704,568,trace_trial4.csv,cfg0,filled_then_reset_trace,134217728,13,4096
66,1745100800,634,trace_trial4.csv,cfg0,filled_then_reset_trace,134217728,13,4096
67,1745104896,607,trace_trial4.csv,cfg0,filled_then_reset_trace,134217728,13,4096
68,1745108992,638,trace_trial4.csv,cfg0,filled_then_reset_trace,134217728,13,4096
69,1745113088,600,trace_trial4.csv,cfg0,filled_then_reset_trace,134217728,13,4096
70,1745117184,642,trace_trial4.csv,cfg0,filled_then_reset_trace,134217728,13,4096
71,1745121280,639,trace_trial4.csv,cfg0,filled_then_reset_trace,134217728,13,4096
72,1745125376,639,trace_trial4.csv,cfg0,filled_then_reset_trace,134217728,13,4096
73,1745129472,638,trace_trial4.csv,cfg0,filled_then_reset_trace,134217728,13,4096
74,1745133568,642,trace_trial4.csv,cfg0,filled_then_reset_trace,134217728,13,4096
75,1745137664,637,trace_trial4.csv,cfg0,filled_then_reset_trace,134217728,13,4096
76,1745141760,572,trace_trial4.csv,cfg0,filled_then_reset_trace,134217728,13,4096
77,1745145856,633,trace_trial4.csv,cfg0,filled_then_reset_trace,134217728,13,4096
78,1745149952,642,trace_trial4.csv,cfg0,filled_then_reset_trace,134217728,13,4096
79,1745154048,635,trace_trial4.csv,cfg0,filled_then_reset_trace,134217728,13,4096
80,1745158144,638,trace_trial4.csv,cfg0,filled_then_reset_trace,134217728,13,4096
81,1745162240,645,trace_trial4.csv,cfg0,filled_then_reset_trace,134217728,13,4096
82,1745166336,639,trace_trial4.csv,cfg0,filled_then_reset_trace,134217728,13,4096
83,1745170432,643,trace_trial4.csv,cfg0,filled_then_reset_trace,134217728,13,4096
84,1745174528,639,trace_trial4.csv,cfg0,filled_then_reset_trace,134217728,13,4096
85,1745178624,643,trace_trial4.csv,cfg0,filled_then_reset_trace,134217728,13,4096
86,1745182720,636,trace_trial4.csv,cfg0,filled_then_reset_trace,134217728,13,4096
87,1745186816,628,trace_trial4.csv,cfg0,filled_then_reset_trace,134217728,13,4096
88,1745190912,650,trace_trial4.csv,cfg0,filled_then_reset_trace,134217728,13,4096
89,1745195008,644,trace_trial4.csv,cfg0,filled_then_reset_trace,134217728,13,4096
90,1745199104,638,trace_trial4.csv,cfg0,filled_then_reset_trace,134217728,13,4096
91,1745203200,644,trace_trial4.csv,cfg0,filled_then_reset_trace,134217728,13,4096
92,1745207296,639,trace_trial4.csv,cfg0,filled_then_reset_trace,134217728,13,4096
93,1745211392,640,trace_trial4.csv,cfg0,filled_then_reset_trace,134217728,13,4096
94,1745215488,626,trace_trial4.csv,cfg0,filled_then_reset_trace,134217728,13,4096
95,1745219584,635,trace_trial4.csv,cfg0,filled_then_reset_trace,134217728,13,4096
96,1745223680,573,trace_trial4.csv,cfg0,filled_then_reset_trace,134217728,13,4096
97,1745227776,633,trace_trial4.csv,cfg0,filled_then_reset_trace,134217728,13,4096
98,1745231872,636,trace_trial4.csv,cfg0,filled_then_reset_trace,134217728,13,4096
99,1745235968,643,trace_trial4.csv,cfg0,filled_then_reset_trace,134217728,13,4096
100,1745240064,631,trace_trial4.csv,cfg0,filled_then_reset_trace,134217728,13,4096
101,1745244160,631,trace_trial4.csv,cfg0,filled_then_reset_trace,134217728,13,4096
102,1745248256,647,trace_trial4.csv,cfg0,filled_then_reset_trace,134217728,13,4096
103,1745252352,636,trace_trial4.csv,cfg0,filled_then_reset_trace,134217728,13,4096
104,1745256448,635,trace_trial4.csv,cfg0,filled_then_reset_trace,134217728,13,4096
105,1745260544,647,trace_trial4.csv,cfg0,filled_then_reset_trace,134217728,13,4096
106,1745264640,639,trace_trial4.csv,cfg0,filled_then_reset_trace,134217728,13,4096
107,1745268736,561,trace_trial4.csv,cfg0,filled_then_reset_trace,134217728,13,4096
108,1745272832,637,trace_trial4.csv,cfg0,filled_then_reset_trace,134217728,13,4096
109,1745276928,636,trace_trial4.csv,cfg0,filled_then_reset_trace,134217728,13,4096
110,1745281024,601,trace_trial4.csv,cfg0,filled_then_reset_trace,134217728,13,4096
111,1745285120,638,trace_trial4.csv,cfg0,filled_then_reset_trace,134217728,13,4096
112,1745289216,639,trace_trial4.csv,cfg0,filled_then_reset_trace,134217728,13,4096
113,1745293312,632,trace_trial4.csv,cfg0,filled_then_reset_trace,134217728,13,4096
114,1745297408,640,trace_trial4.csv,cfg0,filled_then_reset_trace,134217728,13,4096
115,1745301504,634,trace_trial4.csv,cfg0,filled_then_reset_trace,134217728,13,4096
116,1745305600,648,trace_trial4.csv,cfg0,filled_then_reset_trace,134217728,13,4096
117,1745309696,641,trace_trial4.csv,cfg0,filled_then_reset_trace,134217728,13,4096
118,1745313792,633,trace_trial4.csv,cfg0,filled_then_reset_trace,134217728,13,4096
119,1745317888,638,trace_trial4.csv,cfg0,filled_then_reset_trace,134217728,13,4096
120,1745321984,636,trace_trial4.csv,cfg0,filled_then_reset_trace,134217728,13,4096
121,1745326080,599,trace_trial4.csv,cfg0,filled_then_reset_trace,134217728,13,4096
122,1745330176,636,trace_trial4.csv,cfg0,filled_then_reset_trace,134217728,13,4096
123,1745334272,640,trace_trial4.csv,cfg0,filled_then_reset_trace,134217728,13,4096
124,1745338368,643,trace_trial4.csv,cfg0,filled_then_reset_trace,134217728,13,4096
125,1745342464,642,trace_trial4.csv,cfg0,filled_then_reset_trace,134217728,13,4096
126,1745346560,635,trace_trial4.csv,cfg0,filled_then_reset_trace,134217728,13,4096
127,1745350656,572,trace_trial4.csv,cfg0,filled_then_reset_trace,134217728,13,4096
128,1745354752,640,trace_trial4.csv,cfg0,filled_then_reset_trace,134217728,13,4096
129,1745358848,638,trace_trial4.csv,cfg0,filled_then_reset_trace,134217728,13,4096
130,1745362944,633,trace_trial4.csv,cfg0,filled_then_reset_trace,134217728,13,4096
131,1745367040,640,trace_trial4.csv,cfg0,filled_then_reset_trace,134217728,13,4096
132,1745371136,641,trace_trial4.csv,cfg0,filled_then_reset_trace,134217728,13,4096
133,1745375232,647,trace_trial4.csv,cfg0,filled_then_reset_trace,134217728,13,4096
134,1745379328,637,trace_trial4.csv,cfg0,filled_then_reset_trace,134217728,13,4096
135,1745383424,633,trace_trial4.csv,cfg0,filled_then_reset_trace,134217728,13,4096
136,1745387520,633,trace_trial4.csv,cfg0,filled_then_reset_trace,134217728,13,4096
137,1745391616,640,trace_trial4.csv,cfg0,filled_then_reset_trace,134217728,13,4096
138,1745395712,571,trace_trial4.csv,cfg0,filled_then_reset_trace,134217728,13,4096
139,1745399808,646,trace_trial4.csv,cfg0,filled_then_reset_trace,134217728,13,4096
140,1745403904,637,trace_trial4.csv,cfg0,filled_then_reset_trace,134217728,13,4096
141,1745408000,635,trace_trial4.csv,cfg0,filled_then_reset_trace,134217728,13,4096
142,1745412096,599,trace_trial4.csv,cfg0,filled_then_reset_trace,134217728,13,4096
143,1745416192,636,trace_trial4.csv,cfg0,filled_then_reset_trace,134217728,13,4096
144,1745420288,639,trace_trial4.csv,cfg0,filled_then_reset_trace,134217728,13,4096
145,1745424384,637,trace_trial4.csv,cfg0,filled_then_reset_trace,134217728,13,4096
146,1745428480,634,trace_trial4.csv,cfg0,filled_then_reset_trace,134217728,13,4096
147,1745432576,646,trace_trial4.csv,cfg0,filled_then_reset_trace,134217728,13,4096
148,1745436672,637,trace_trial4.csv,cfg0,filled_then_reset_trace,134217728,13,4096
149,1745440768,560,trace_trial4.csv,cfg0,filled_then_reset_trace,134217728,13,4096
150,1745444864,631,trace_trial4.csv,cfg0,filled_then_reset_trace,134217728,13,4096
151,1745448960,638,trace_trial4.csv,cfg0,filled_then_reset_trace,134217728,13,4096
152,1745453056,633,trace_trial4.csv,cfg0,filled_then_reset_trace,134217728,13,4096
153,1745457152,633,trace_trial4.csv,cfg0,filled_then_reset_trace,134217728,13,4096
154,1745461248,640,trace_trial4.csv,cfg0,filled_then_reset_trace,134217728,13,4096
155,1745465344,633,trace_trial4.csv,cfg0,filled_then_reset_trace,134217728,13,4096
156,1745469440,633,trace_trial4.csv,cfg0,filled_then_reset_trace,134217728,13,4096
157,1745473536,642,trace_trial4.csv,cfg0,filled_then_reset_trace,134217728,13,4096
158,1745477632,626,trace_trial4.csv,cfg0,filled_then_reset_trace,134217728,13,4096
159,1745481728,634,trace_trial4.csv,cfg0,filled_then_reset_trace,134217728,13,4096
160,1745485824,625,trace_trial4.csv,cfg0,filled_then_reset_trace,134217728,13,4096
161,1745489920,641,trace_trial4.csv,cfg0,filled_then_reset_trace,134217728,13,4096
162,1745494016,633,trace_trial4.csv,cfg0,filled_then_reset_trace,134217728,13,4096
163,1745498112,642,trace_trial4.csv,cfg0,filled_then_reset_trace,134217728,13,4096
164,1745502208,637,trace_trial4.csv,cfg0,filled_then_reset_trace,134217728,13,4096
165,1745506304,637,trace_trial4.csv,cfg0,filled_then_reset_trace,134217728,13,4096
166,1745510400,639,trace_trial4.csv,cfg0,filled_then_reset_trace,134217728,13,4096
167,1745514496,636,trace_trial4.csv,cfg0,filled_then_reset_trace,134217728,13,4096
168,1745518592,638,trace_trial4.csv,cfg0,filled_then_reset_trace,134217728,13,4096
169,1745522688,571,trace_trial4.csv,cfg0,filled_then_reset_trace,134217728,13,4096
170,1745526784,635,trace_trial4.csv,cfg0,filled_then_reset_trace,134217728,13,4096
171,1745530880,638,trace_trial4.csv,cfg0,filled_then_reset_trace,134217728,13,4096
172,1745534976,620,trace_trial4.csv,cfg0,filled_then_reset_trace,134217728,13,4096
173,1745539072,639,trace_trial4.csv,cfg0,filled_then_reset_trace,134217728,13,4096
174,1745543168,674,trace_trial4.csv,cfg0,filled_then_reset_trace,134217728,13,4096
175,1745547264,659,trace_trial4.csv,cfg0,filled_then_reset_trace,134217728,13,4096
176,1745551360,623,trace_trial4.csv,cfg0,filled_then_reset_trace,134217728,13,4096
177,1745555456,635,trace_trial4.csv,cfg0,filled_then_reset_trace,134217728,13,4096
178,1745559552,648,trace_trial4.csv,cfg0,filled_then_reset_trace,134217728,13,4096
179,1745563648,638,trace_trial4.csv,cfg0,filled_then_reset_trace,134217728,13,4096
180,1745567744,561,trace_trial4.csv,cfg0,filled_then_reset_trace,134217728,13,4096
181,1745571840,648,trace_trial4.csv,cfg0,filled_then_reset_trace,134217728,13,4096
182,1745575936,635,trace_trial4.csv,cfg0,filled_then_reset_trace,134217728,13,4096
183,1745580032,631,trace_trial4.csv,cfg0,filled_then_reset_trace,134217728,13,4096
184,1745584128,638,trace_trial4.csv,cfg0,filled_then_reset_trace,134217728,13,4096
185,1745588224,643,trace_trial4.csv,cfg0,filled_then_reset_trace,134217728,13,4096
186,1745592320,644,trace_trial4.csv,cfg0,filled_then_reset_trace,134217728,13,4096
187,1745596416,639,trace_trial4.csv,cfg0,filled_then_reset_trace,134217728,13,4096
188,1745600512,641,trace_trial4.csv,cfg0,filled_then_reset_trace,134217728,13,4096
189,1745604608,594,trace_trial4.csv,cfg0,filled_then_reset_trace,134217728,13,4096
190,1745608704,636,trace_trial4.csv,cfg0,filled_then_reset_trace,134217728,13,4096
191,1745612800,633,trace_trial4.csv,cfg0,filled_then_reset_trace,134217728,13,4096
192,1745616896,650,trace_trial4.csv,cfg0,filled_then_reset_trace,134217728,13,4096
193,1745620992,637,trace_trial4.csv,cfg0,filled_then_reset_trace,134217728,13,4096
194,1745625088,637,trace_trial4.csv,cfg0,filled_then_reset_trace,134217728,13,4096
195,1745629184,634,trace_trial4.csv,cfg0,filled_then_reset_trace,134217728,13,4096
196,1745633280,645,trace_trial4.csv,cfg0,filled_then_reset_trace,134217728,13,4096
197,1745637376,638,trace_trial4.csv,cfg0,filled_then_reset_trace,134217728,13,4096
198,1745641472,643,trace_trial4.csv,cfg0,filled_then_reset_trace,134217728,13,4096
199,1745645568,635,trace_trial4.csv,cfg0,filled_then_reset_trace,134217728,13,4096
200,1745649664,572,trace_trial4.csv,cfg0,filled_then_reset_trace,134217728,13,4096
201,1745653760,645,trace_trial4.csv,cfg0,filled_then_reset_trace,134217728,13,4096
202,1745657856,644,trace_trial4.csv,cfg0,filled_then_reset_trace,134217728,13,4096
203,1745661952,641,trace_trial4.csv,cfg0,filled_then_reset_trace,134217728,13,4096
204,1745666048,598,trace_trial4.csv,cfg0,filled_then_reset_trace,134217728,13,4096
205,1745670144,638,trace_trial4.csv,cfg0,filled_then_reset_trace,134217728,13,4096
206,1745674240,636,trace_trial4.csv,cfg0,filled_then_reset_trace,134217728,13,4096
207,1745678336,645,trace_trial4.csv,cfg0,filled_then_reset_trace,134217728,13,4096
208,1745682432,642,trace_trial4.csv,cfg0,filled_then_reset_trace,134217728,13,4096
209,1745686528,645,trace_trial4.csv,cfg0,filled_then_reset_trace,134217728,13,4096
210,1745690624,644,trace_trial4.csv,cfg0,filled_then_reset_trace,134217728,13,4096
211,1745694720,561,trace_trial4.csv,cfg0,filled_then_reset_trace,134217728,13,4096
212,1745698816,633,trace_trial4.csv,cfg0,filled_then_reset_trace,134217728,13,4096
213,1745702912,631,trace_trial4.csv,cfg0,filled_then_reset_trace,134217728,13,4096
214,1745707008,638,trace_trial4.csv,cfg0,filled_then_reset_trace,134217728,13,4096
215,1745711104,639,trace_trial4.csv,cfg0,filled_then_reset_trace,134217728,13,4096
216,1745715200,645,trace_trial4.csv,cfg0,filled_then_reset_trace,134217728,13,4096
217,1745719296,644,trace_trial4.csv,cfg0,filled_then_reset_trace,134217728,13,4096
218,1745723392,637,trace_trial4.csv,cfg0,filled_then_reset_trace,134217728,13,4096
219,1745727488,639,trace_trial4.csv,cfg0,filled_then_reset_trace,134217728,13,4096
220,1745731584,590,trace_trial4.csv,cfg0,filled_then_reset_trace,134217728,13,4096
221,1745735680,642,trace_trial4.csv,cfg0,filled_then_reset_trace,134217728,13,4096
222,1745739776,624,trace_trial4.csv,cfg0,filled_then_reset_trace,134217728,13,4096
223,1745743872,647,trace_trial4.csv,cfg0,filled_then_reset_trace,134217728,13,4096
224,1745747968,638,trace_trial4.csv,cfg0,filled_then_reset_trace,134217728,13,4096
225,1745752064,636,trace_trial4.csv,cfg0,filled_then_reset_trace,134217728,13,4096
226,1745756160,637,trace_trial4.csv,cfg0,filled_then_reset_trace,134217728,13,4096
227,1745760256,633,trace_trial4.csv,cfg0,filled_then_reset_trace,134217728,13,4096
228,1745764352,631,trace_trial4.csv,cfg0,filled_then_reset_trace,134217728,13,4096
229,1745768448,655,trace_trial4.csv,cfg0,filled_then_reset_trace,134217728,13,4096
230,1745772544,637,trace_trial4.csv,cfg0,filled_then_reset_trace,134217728,13,4096
231,1745776640,571,trace_trial4.csv,cfg0,filled_then_reset_trace,134217728,13,4096
232,1745780736,639,trace_trial4.csv,cfg0,filled_then_reset_trace,134217728,13,4096
233,1745784832,633,trace_trial4.csv,cfg0,filled_then_reset_trace,134217728,13,4096
234,1745788928,633,trace_trial4.csv,cfg0,filled_then_reset_trace,134217728,13,4096
235,1745793024,637,trace_trial4.csv,cfg0,filled_then_reset_trace,134217728,13,4096
236,1745797120,635,trace_trial4.csv,cfg0,filled_then_reset_trace,134217728,13,4096
237,1745801216,644,trace_trial4.csv,cfg0,filled_then_reset_trace,134217728,13,4096
238,1745805312,601,trace_trial4.csv,cfg0,filled_then_reset_trace,134217728,13,4096
239,1745809408,636,trace_trial4.csv,cfg0,filled_then_reset_trace,134217728,13,4096
240,1745813504,630,trace_trial4.csv,cfg0,filled_then_reset_trace,134217728,13,4096
241,1745817600,644,trace_trial4.csv,cfg0,filled_then_reset_trace,134217728,13,4096
242,1745821696,563,trace_trial4.csv,cfg0,filled_then_reset_trace,134217728,13,4096
243,1745825792,636,trace_trial4.csv,cfg0,filled_then_reset_trace,134217728,13,4096
244,1745829888,635,trace_trial4.csv,cfg0,filled_then_reset_trace,134217728,13,4096
245,1745833984,636,trace_trial4.csv,cfg0,filled_then_reset_trace,134217728,13,4096
246,1745838080,638,trace_trial4.csv,cfg0,filled_then_reset_trace,134217728,13,4096
247,1745842176,631,trace_trial4.csv,cfg0,filled_then_reset_trace,134217728,13,4096
248,1745846272,636,trace_trial4.csv,cfg0,filled_then_reset_trace,134217728,13,4096
249,1745850368,634,trace_trial4.csv,cfg0,filled_then_reset_trace,134217728,13,4096
250,1745854464,639,trace_trial4.csv,cfg0,filled_then_reset_trace,134217728,13,4096
251,1745858560,646,trace_trial4.csv,cfg0,filled_then_reset_trace,134217728,13,4096
252,1745862656,636,trace_trial4.csv,cfg0,filled_then_reset_trace,134217728,13,4096
253,1745866752,655,trace_trial4.csv,cfg0,filled_then_reset_trace,134217728,13,4096
254,1745870848,666,trace_trial4.csv,cfg0,filled_then_reset_trace,134217728,13,4096
255,1745874944,636,trace_trial4.csv,cfg0,filled_then_reset_trace,134217728,13,4096
0,1744830464,716,trace_trial5.csv,cfg0,filled_then_reset_trace,134217728,13,4096
1,1744834560,591,trace_trial5.csv,cfg0,filled_then_reset_trace,134217728,13,4096
2,1744838656,579,trace_trial5.csv,cfg0,filled_then_reset_trace,134217728,13,4096
3,1744842752,607,trace_trial5.csv,cfg0,filled_then_reset_trace,134217728,13,4096
4,1744846848,573,trace_trial5.csv,cfg0,filled_then_reset_trace,134217728,13,4096
5,1744850944,594,trace_trial5.csv,cfg0,filled_then_reset_trace,134217728,13,4096
6,1744855040,592,trace_trial5.csv,cfg0,filled_then_reset_trace,134217728,13,4096
7,1744859136,588,trace_trial5.csv,cfg0,filled_then_reset_trace,134217728,13,4096
8,1744863232,567,trace_trial5.csv,cfg0,filled_then_reset_trace,134217728,13,4096
9,1744867328,568,trace_trial5.csv,cfg0,filled_then_reset_trace,134217728,13,4096
10,1744871424,612,trace_trial5.csv,cfg0,filled_then_reset_trace,134217728,13,4096
11,1744875520,592,trace_trial5.csv,cfg0,filled_then_reset_trace,134217728,13,4096
12,1744879616,616,trace_trial5.csv,cfg0,filled_then_reset_trace,134217728,13,4096
13,1744883712,567,trace_trial5.csv,cfg0,filled_then_reset_trace,134217728,13,4096
14,1744887808,593,trace_trial5.csv,cfg0,filled_then_reset_trace,134217728,13,4096
15,1744891904,566,trace_trial5.csv,cfg0,filled_then_reset_trace,134217728,13,4096
16,1744896000,590,trace_trial5.csv,cfg0,filled_then_reset_trace,134217728,13,4096
17,1744900096,601,trace_trial5.csv,cfg0,filled_then_reset_trace,134217728,13,4096
18,1744904192,567,trace_trial5.csv,cfg0,filled_then_reset_trace,134217728,13,4096
19,1744908288,593,trace_trial5.csv,cfg0,filled_then_reset_trace,134217728,13,4096
20,1744912384,653,trace_trial5.csv,cfg0,filled_then_reset_trace,134217728,13,4096
21,1744916480,574,trace_trial5.csv,cfg0,filled_then_reset_trace,134217728,13,4096
22,1744920576,565,trace_trial5.csv,cfg0,filled_then_reset_trace,134217728,13,4096
23,1744924672,594,trace_trial5.csv,cfg0,filled_then_reset_trace,134217728,13,4096
24,1744928768,592,trace_trial5.csv,cfg0,filled_then_reset_trace,134217728,13,4096
25,1744932864,591,trace_trial5.csv,cfg0,filled_then_reset_trace,134217728,13,4096
26,1744936960,596,trace_trial5.csv,cfg0,filled_then_reset_trace,134217728,13,4096
27,1744941056,594,trace_trial5.csv,cfg0,filled_then_reset_trace,134217728,13,4096
28,1744945152,567,trace_trial5.csv,cfg0,filled_then_reset_trace,134217728,13,4096
29,1744949248,648,trace_trial5.csv,cfg0,filled_then_reset_trace,134217728,13,4096
30,1744953344,593,trace_trial5.csv,cfg0,filled_then_reset_trace,134217728,13,4096
31,1744957440,568,trace_trial5.csv,cfg0,filled_then_reset_trace,134217728,13,4096
32,1744961536,576,trace_trial5.csv,cfg0,filled_then_reset_trace,134217728,13,4096
33,1744965632,560,trace_trial5.csv,cfg0,filled_then_reset_trace,134217728,13,4096
34,1744969728,588,trace_trial5.csv,cfg0,filled_then_reset_trace,134217728,13,4096
35,1744973824,560,trace_trial5.csv,cfg0,filled_then_reset_trace,134217728,13,4096
36,1744977920,598,trace_trial5.csv,cfg0,filled_then_reset_trace,134217728,13,4096
37,1744982016,599,trace_trial5.csv,cfg0,filled_then_reset_trace,134217728,13,4096
38,1744986112,559,trace_trial5.csv,cfg0,filled_then_reset_trace,134217728,13,4096
39,1744990208,588,trace_trial5.csv,cfg0,filled_then_reset_trace,134217728,13,4096
40,1744994304,593,trace_trial5.csv,cfg0,filled_then_reset_trace,134217728,13,4096
41,1744998400,601,trace_trial5.csv,cfg0,filled_then_reset_trace,134217728,13,4096
42,1745002496,561,trace_trial5.csv,cfg0,filled_then_reset_trace,134217728,13,4096
43,1745006592,573,trace_trial5.csv,cfg0,filled_then_reset_trace,134217728,13,4096
44,1745010688,591,trace_trial5.csv,cfg0,filled_then_reset_trace,134217728,13,4096
45,1745014784,594,trace_trial5.csv,cfg0,filled_then_reset_trace,134217728,13,4096
46,1745018880,599,trace_trial5.csv,cfg0,filled_then_reset_trace,134217728,13,4096
47,1745022976,593,trace_trial5.csv,cfg0,filled_then_reset_trace,134217728,13,4096
48,1745027072,567,trace_trial5.csv,cfg0,filled_then_reset_trace,134217728,13,4096
49,1745031168,592,trace_trial5.csv,cfg0,filled_then_reset_trace,134217728,13,4096
50,1745035264,595,trace_trial5.csv,cfg0,filled_then_reset_trace,134217728,13,4096
51,1745039360,658,trace_trial5.csv,cfg0,filled_then_reset_trace,134217728,13,4096
52,1745043456,595,trace_trial5.csv,cfg0,filled_then_reset_trace,134217728,13,4096
53,1745047552,607,trace_trial5.csv,cfg0,filled_then_reset_trace,134217728,13,4096
54,1745051648,594,trace_trial5.csv,cfg0,filled_then_reset_trace,134217728,13,4096
55,1745055744,557,trace_trial5.csv,cfg0,filled_then_reset_trace,134217728,13,4096
56,1745059840,589,trace_trial5.csv,cfg0,filled_then_reset_trace,134217728,13,4096
57,1745063936,593,trace_trial5.csv,cfg0,filled_then_reset_trace,134217728,13,4096
58,1745068032,580,trace_trial5.csv,cfg0,filled_then_reset_trace,134217728,13,4096
59,1745072128,593,trace_trial5.csv,cfg0,filled_then_reset_trace,134217728,13,4096
60,1745076224,594,trace_trial5.csv,cfg0,filled_then_reset_trace,134217728,13,4096
61,1745080320,567,trace_trial5.csv,cfg0,filled_then_reset_trace,134217728,13,4096
62,1745084416,632,trace_trial5.csv,cfg0,filled_then_reset_trace,134217728,13,4096
63,1745088512,595,trace_trial5.csv,cfg0,filled_then_reset_trace,134217728,13,4096
64,1745092608,598,trace_trial5.csv,cfg0,filled_then_reset_trace,134217728,13,4096
65,1745096704,597,trace_trial5.csv,cfg0,filled_then_reset_trace,134217728,13,4096
66,1745100800,597,trace_trial5.csv,cfg0,filled_then_reset_trace,134217728,13,4096
67,1745104896,599,trace_trial5.csv,cfg0,filled_then_reset_trace,134217728,13,4096
68,1745108992,607,trace_trial5.csv,cfg0,filled_then_reset_trace,134217728,13,4096
69,1745113088,605,trace_trial5.csv,cfg0,filled_then_reset_trace,134217728,13,4096
70,1745117184,595,trace_trial5.csv,cfg0,filled_then_reset_trace,134217728,13,4096
71,1745121280,562,trace_trial5.csv,cfg0,filled_then_reset_trace,134217728,13,4096
72,1745125376,595,trace_trial5.csv,cfg0,filled_then_reset_trace,134217728,13,4096
73,1745129472,598,trace_trial5.csv,cfg0,filled_then_reset_trace,134217728,13,4096
74,1745133568,599,trace_trial5.csv,cfg0,filled_then_reset_trace,134217728,13,4096
75,1745137664,599,trace_trial5.csv,cfg0,filled_then_reset_trace,134217728,13,4096
76,1745141760,595,trace_trial5.csv,cfg0,filled_then_reset_trace,134217728,13,4096
77,1745145856,598,trace_trial5.csv,cfg0,filled_then_reset_trace,134217728,13,4096
78,1745149952,595,trace_trial5.csv,cfg0,filled_then_reset_trace,134217728,13,4096
79,1745154048,604,trace_trial5.csv,cfg0,filled_then_reset_trace,134217728,13,4096
80,1745158144,595,trace_trial5.csv,cfg0,filled_then_reset_trace,134217728,13,4096
81,1745162240,667,trace_trial5.csv,cfg0,filled_then_reset_trace,134217728,13,4096
82,1745166336,598,trace_trial5.csv,cfg0,filled_then_reset_trace,134217728,13,4096
83,1745170432,596,trace_trial5.csv,cfg0,filled_then_reset_trace,134217728,13,4096
84,1745174528,571,trace_trial5.csv,cfg0,filled_then_reset_trace,134217728,13,4096
85,1745178624,598,trace_trial5.csv,cfg0,filled_then_reset_trace,134217728,13,4096
86,1745182720,597,trace_trial5.csv,cfg0,filled_then_reset_trace,134217728,13,4096
87,1745186816,597,trace_trial5.csv,cfg0,filled_then_reset_trace,134217728,13,4096
88,1745190912,600,trace_trial5.csv,cfg0,filled_then_reset_trace,134217728,13,4096
89,1745195008,596,trace_trial5.csv,cfg0,filled_then_reset_trace,134217728,13,4096
90,1745199104,618,trace_trial5.csv,cfg0,filled_then_reset_trace,134217728,13,4096
91,1745203200,598,trace_trial5.csv,cfg0,filled_then_reset_trace,134217728,13,4096
92,1745207296,596,trace_trial5.csv,cfg0,filled_then_reset_trace,134217728,13,4096
93,1745211392,598,trace_trial5.csv,cfg0,filled_then_reset_trace,134217728,13,4096
94,1745215488,653,trace_trial5.csv,cfg0,filled_then_reset_trace,134217728,13,4096
95,1745219584,596,trace_trial5.csv,cfg0,filled_then_reset_trace,134217728,13,4096
96,1745223680,598,trace_trial5.csv,cfg0,filled_then_reset_trace,134217728,13,4096
97,1745227776,571,trace_trial5.csv,cfg0,filled_then_reset_trace,134217728,13,4096
98,1745231872,597,trace_trial5.csv,cfg0,filled_then_reset_trace,134217728,13,4096
99,1745235968,597,trace_trial5.csv,cfg0,filled_then_reset_trace,134217728,13,4096
100,1745240064,596,trace_trial5.csv,cfg0,filled_then_reset_trace,134217728,13,4096
101,1745244160,598,trace_trial5.csv,cfg0,filled_then_reset_trace,134217728,13,4096
102,1745248256,594,trace_trial5.csv,cfg0,filled_then_reset_trace,134217728,13,4096
103,1745252352,597,trace_trial5.csv,cfg0,filled_then_reset_trace,134217728,13,4096
104,1745256448,598,trace_trial5.csv,cfg0,filled_then_reset_trace,134217728,13,4096
105,1745260544,599,trace_trial5.csv,cfg0,filled_then_reset_trace,134217728,13,4096
106,1745264640,593,trace_trial5.csv,cfg0,filled_then_reset_trace,134217728,13,4096
107,1745268736,559,trace_trial5.csv,cfg0,filled_then_reset_trace,134217728,13,4096
108,1745272832,593,trace_trial5.csv,cfg0,filled_then_reset_trace,134217728,13,4096
109,1745276928,598,trace_trial5.csv,cfg0,filled_then_reset_trace,134217728,13,4096
110,1745281024,596,trace_trial5.csv,cfg0,filled_then_reset_trace,134217728,13,4096
111,1745285120,573,trace_trial5.csv,cfg0,filled_then_reset_trace,134217728,13,4096
112,1745289216,594,trace_trial5.csv,cfg0,filled_then_reset_trace,134217728,13,4096
113,1745293312,596,trace_trial5.csv,cfg0,filled_then_reset_trace,134217728,13,4096
114,1745297408,597,trace_trial5.csv,cfg0,filled_then_reset_trace,134217728,13,4096
115,1745301504,598,trace_trial5.csv,cfg0,filled_then_reset_trace,134217728,13,4096
116,1745305600,594,trace_trial5.csv,cfg0,filled_then_reset_trace,134217728,13,4096
117,1745309696,589,trace_trial5.csv,cfg0,filled_then_reset_trace,134217728,13,4096
118,1745313792,594,trace_trial5.csv,cfg0,filled_then_reset_trace,134217728,13,4096
119,1745317888,597,trace_trial5.csv,cfg0,filled_then_reset_trace,134217728,13,4096
120,1745321984,572,trace_trial5.csv,cfg0,filled_then_reset_trace,134217728,13,4096
121,1745326080,596,trace_trial5.csv,cfg0,filled_then_reset_trace,134217728,13,4096
122,1745330176,597,trace_trial5.csv,cfg0,filled_then_reset_trace,134217728,13,4096
123,1745334272,597,trace_trial5.csv,cfg0,filled_then_reset_trace,134217728,13,4096
124,1745338368,596,trace_trial5.csv,cfg0,filled_then_reset_trace,134217728,13,4096
125,1745342464,595,trace_trial5.csv,cfg0,filled_then_reset_trace,134217728,13,4096
126,1745346560,596,trace_trial5.csv,cfg0,filled_then_reset_trace,134217728,13,4096
127,1745350656,621,trace_trial5.csv,cfg0,filled_then_reset_trace,134217728,13,4096
128,1745354752,602,trace_trial5.csv,cfg0,filled_then_reset_trace,134217728,13,4096
129,1745358848,597,trace_trial5.csv,cfg0,filled_then_reset_trace,134217728,13,4096
130,1745362944,571,trace_trial5.csv,cfg0,filled_then_reset_trace,134217728,13,4096
131,1745367040,605,trace_trial5.csv,cfg0,filled_then_reset_trace,134217728,13,4096
132,1745371136,597,trace_trial5.csv,cfg0,filled_then_reset_trace,134217728,13,4096
133,1745375232,639,trace_trial5.csv,cfg0,filled_then_reset_trace,134217728,13,4096
134,1745379328,599,trace_trial5.csv,cfg0,filled_then_reset_trace,134217728,13,4096
135,1745383424,595,trace_trial5.csv,cfg0,filled_then_reset_trace,134217728,13,4096
136,1745387520,598,trace_trial5.csv,cfg0,filled_then_reset_trace,134217728,13,4096
137,1745391616,598,trace_trial5.csv,cfg0,filled_then_reset_trace,134217728,13,4096
138,1745395712,570,trace_trial5.csv,cfg0,filled_then_reset_trace,134217728,13,4096
139,1745399808,596,trace_trial5.csv,cfg0,filled_then_reset_trace,134217728,13,4096
140,1745403904,649,trace_trial5.csv,cfg0,filled_then_reset_trace,134217728,13,4096
141,1745408000,605,trace_trial5.csv,cfg0,filled_then_reset_trace,134217728,13,4096
142,1745412096,596,trace_trial5.csv,cfg0,filled_then_reset_trace,134217728,13,4096
143,1745416192,603,trace_trial5.csv,cfg0,filled_then_reset_trace,134217728,13,4096
144,1745420288,594,trace_trial5.csv,cfg0,filled_then_reset_trace,134217728,13,4096
145,1745424384,596,trace_trial5.csv,cfg0,filled_then_reset_trace,134217728,13,4096
146,1745428480,595,trace_trial5.csv,cfg0,filled_then_reset_trace,134217728,13,4096
147,1745432576,597,trace_trial5.csv,cfg0,filled_then_reset_trace,134217728,13,4096
148,1745436672,559,trace_trial5.csv,cfg0,filled_then_reset_trace,134217728,13,4096
149,1745440768,594,trace_trial5.csv,cfg0,filled_then_reset_trace,134217728,13,4096
150,1745444864,597,trace_trial5.csv,cfg0,filled_then_reset_trace,134217728,13,4096
151,1745448960,597,trace_trial5.csv,cfg0,filled_then_reset_trace,134217728,13,4096
152,1745453056,596,trace_trial5.csv,cfg0,filled_then_reset_trace,134217728,13,4096
153,1745457152,560,trace_trial5.csv,cfg0,filled_then_reset_trace,134217728,13,4096
154,1745461248,594,trace_trial5.csv,cfg0,filled_then_reset_trace,134217728,13,4096
155,1745465344,597,trace_trial5.csv,cfg0,filled_then_reset_trace,134217728,13,4096
156,1745469440,562,trace_trial5.csv,cfg0,filled_then_reset_trace,134217728,13,4096
157,1745473536,591,trace_trial5.csv,cfg0,filled_then_reset_trace,134217728,13,4096
158,1745477632,596,trace_trial5.csv,cfg0,filled_then_reset_trace,134217728,13,4096
159,1745481728,594,trace_trial5.csv,cfg0,filled_then_reset_trace,134217728,13,4096
160,1745485824,599,trace_trial5.csv,cfg0,filled_then_reset_trace,134217728,13,4096
161,1745489920,578,trace_trial5.csv,cfg0,filled_then_reset_trace,134217728,13,4096
162,1745494016,596,trace_trial5.csv,cfg0,filled_then_reset_trace,134217728,13,4096
163,1745498112,594,trace_trial5.csv,cfg0,filled_then_reset_trace,134217728,13,4096
164,1745502208,597,trace_trial5.csv,cfg0,filled_then_reset_trace,134217728,13,4096
165,1745506304,596,trace_trial5.csv,cfg0,filled_then_reset_trace,134217728,13,4096
166,1745510400,597,trace_trial5.csv,cfg0,filled_then_reset_trace,134217728,13,4096
167,1745514496,600,trace_trial5.csv,cfg0,filled_then_reset_trace,134217728,13,4096
168,1745518592,594,trace_trial5.csv,cfg0,filled_then_reset_trace,134217728,13,4096
169,1745522688,595,trace_trial5.csv,cfg0,filled_then_reset_trace,134217728,13,4096
170,1745526784,595,trace_trial5.csv,cfg0,filled_then_reset_trace,134217728,13,4096
171,1745530880,569,trace_trial5.csv,cfg0,filled_then_reset_trace,134217728,13,4096
172,1745534976,597,trace_trial5.csv,cfg0,filled_then_reset_trace,134217728,13,4096
173,1745539072,596,trace_trial5.csv,cfg0,filled_then_reset_trace,134217728,13,4096
174,1745543168,597,trace_trial5.csv,cfg0,filled_then_reset_trace,134217728,13,4096
175,1745547264,596,trace_trial5.csv,cfg0,filled_then_reset_trace,134217728,13,4096
176,1745551360,594,trace_trial5.csv,cfg0,filled_then_reset_trace,134217728,13,4096
177,1745555456,597,trace_trial5.csv,cfg0,filled_then_reset_trace,134217728,13,4096
178,1745559552,605,trace_trial5.csv,cfg0,filled_then_reset_trace,134217728,13,4096
179,1745563648,597,trace_trial5.csv,cfg0,filled_then_reset_trace,134217728,13,4096
180,1745567744,597,trace_trial5.csv,cfg0,filled_then_reset_trace,134217728,13,4096
181,1745571840,570,trace_trial5.csv,cfg0,filled_then_reset_trace,134217728,13,4096
182,1745575936,595,trace_trial5.csv,cfg0,filled_then_reset_trace,134217728,13,4096
183,1745580032,594,trace_trial5.csv,cfg0,filled_then_reset_trace,134217728,13,4096
184,1745584128,597,trace_trial5.csv,cfg0,filled_then_reset_trace,134217728,13,4096
185,1745588224,595,trace_trial5.csv,cfg0,filled_then_reset_trace,134217728,13,4096
186,1745592320,597,trace_trial5.csv,cfg0,filled_then_reset_trace,134217728,13,4096
187,1745596416,596,trace_trial5.csv,cfg0,filled_then_reset_trace,134217728,13,4096
188,1745600512,597,trace_trial5.csv,cfg0,filled_then_reset_trace,134217728,13,4096
189,1745604608,595,trace_trial5.csv,cfg0,filled_then_reset_trace,134217728,13,4096
190,1745608704,596,trace_trial5.csv,cfg0,filled_then_reset_trace,134217728,13,4096
191,1745612800,559,trace_trial5.csv,cfg0,filled_then_reset_trace,134217728,13,4096
192,1745616896,592,trace_trial5.csv,cfg0,filled_then_reset_trace,134217728,13,4096
193,1745620992,597,trace_trial5.csv,cfg0,filled_then_reset_trace,134217728,13,4096
194,1745625088,594,trace_trial5.csv,cfg0,filled_then_reset_trace,134217728,13,4096
195,1745629184,597,trace_trial5.csv,cfg0,filled_then_reset_trace,134217728,13,4096
196,1745633280,595,trace_trial5.csv,cfg0,filled_then_reset_trace,134217728,13,4096
197,1745637376,596,trace_trial5.csv,cfg0,filled_then_reset_trace,134217728,13,4096
198,1745641472,597,trace_trial5.csv,cfg0,filled_then_reset_trace,134217728,13,4096
199,1745645568,597,trace_trial5.csv,cfg0,filled_then_reset_trace,134217728,13,4096
200,1745649664,596,trace_trial5.csv,cfg0,filled_then_reset_trace,134217728,13,4096
201,1745653760,638,trace_trial5.csv,cfg0,filled_then_reset_trace,134217728,13,4096
202,1745657856,594,trace_trial5.csv,cfg0,filled_then_reset_trace,134217728,13,4096
203,1745661952,615,trace_trial5.csv,cfg0,filled_then_reset_trace,134217728,13,4096
204,1745666048,570,trace_trial5.csv,cfg0,filled_then_reset_trace,134217728,13,4096
205,1745670144,598,trace_trial5.csv,cfg0,filled_then_reset_trace,134217728,13,4096
206,1745674240,603,trace_trial5.csv,cfg0,filled_then_reset_trace,134217728,13,4096
207,1745678336,599,trace_trial5.csv,cfg0,filled_then_reset_trace,134217728,13,4096
208,1745682432,596,trace_trial5.csv,cfg0,filled_then_reset_trace,134217728,13,4096
209,1745686528,602,trace_trial5.csv,cfg0,filled_then_reset_trace,134217728,13,4096
210,1745690624,596,trace_trial5.csv,cfg0,filled_then_reset_trace,134217728,13,4096
211,1745694720,594,trace_trial5.csv,cfg0,filled_then_reset_trace,134217728,13,4096
212,1745698816,597,trace_trial5.csv,cfg0,filled_then_reset_trace,134217728,13,4096
213,1745702912,595,trace_trial5.csv,cfg0,filled_then_reset_trace,134217728,13,4096
214,1745707008,628,trace_trial5.csv,cfg0,filled_then_reset_trace,134217728,13,4096
215,1745711104,596,trace_trial5.csv,cfg0,filled_then_reset_trace,134217728,13,4096
216,1745715200,597,trace_trial5.csv,cfg0,filled_then_reset_trace,134217728,13,4096
217,1745719296,595,trace_trial5.csv,cfg0,filled_then_reset_trace,134217728,13,4096
218,1745723392,597,trace_trial5.csv,cfg0,filled_then_reset_trace,134217728,13,4096
219,1745727488,597,trace_trial5.csv,cfg0,filled_then_reset_trace,134217728,13,4096
220,1745731584,605,trace_trial5.csv,cfg0,filled_then_reset_trace,134217728,13,4096
221,1745735680,594,trace_trial5.csv,cfg0,filled_then_reset_trace,134217728,13,4096
222,1745739776,562,trace_trial5.csv,cfg0,filled_then_reset_trace,134217728,13,4096
223,1745743872,593,trace_trial5.csv,cfg0,filled_then_reset_trace,134217728,13,4096
224,1745747968,595,trace_trial5.csv,cfg0,filled_then_reset_trace,134217728,13,4096
225,1745752064,598,trace_trial5.csv,cfg0,filled_then_reset_trace,134217728,13,4096
226,1745756160,597,trace_trial5.csv,cfg0,filled_then_reset_trace,134217728,13,4096
227,1745760256,599,trace_trial5.csv,cfg0,filled_then_reset_trace,134217728,13,4096
228,1745764352,594,trace_trial5.csv,cfg0,filled_then_reset_trace,134217728,13,4096
229,1745768448,597,trace_trial5.csv,cfg0,filled_then_reset_trace,134217728,13,4096
230,1745772544,570,trace_trial5.csv,cfg0,filled_then_reset_trace,134217728,13,4096
231,1745776640,598,trace_trial5.csv,cfg0,filled_then_reset_trace,134217728,13,4096
232,1745780736,560,trace_trial5.csv,cfg0,filled_then_reset_trace,134217728,13,4096
233,1745784832,593,trace_trial5.csv,cfg0,filled_then_reset_trace,134217728,13,4096
234,1745788928,593,trace_trial5.csv,cfg0,filled_then_reset_trace,134217728,13,4096
235,1745793024,583,trace_trial5.csv,cfg0,filled_then_reset_trace,134217728,13,4096
236,1745797120,595,trace_trial5.csv,cfg0,filled_then_reset_trace,134217728,13,4096
237,1745801216,564,trace_trial5.csv,cfg0,filled_then_reset_trace,134217728,13,4096
238,1745805312,596,trace_trial5.csv,cfg0,filled_then_reset_trace,134217728,13,4096
239,1745809408,609,trace_trial5.csv,cfg0,filled_then_reset_trace,134217728,13,4096
240,1745813504,594,trace_trial5.csv,cfg0,filled_then_reset_trace,134217728,13,4096
241,1745817600,595,trace_trial5.csv,cfg0,filled_then_reset_trace,134217728,13,4096
242,1745821696,597,trace_trial5.csv,cfg0,filled_then_reset_trace,134217728,13,4096
243,1745825792,594,trace_trial5.csv,cfg0,filled_then_reset_trace,134217728,13,4096
244,1745829888,598,trace_trial5.csv,cfg0,filled_then_reset_trace,134217728,13,4096
245,1745833984,594,trace_trial5.csv,cfg0,filled_then_reset_trace,134217728,13,4096
246,1745838080,598,trace_trial5.csv,cfg0,filled_then_reset_trace,134217728,13,4096
247,1745842176,644,trace_trial5.csv,cfg0,filled_then_reset_trace,134217728,13,4096
248,1745846272,595,trace_trial5.csv,cfg0,filled_then_reset_trace,134217728,13,4096
249,1745850368,615,trace_trial5.csv,cfg0,filled_then_reset_trace,134217728,13,4096
250,1745854464,571,trace_trial5.csv,cfg0,filled_then_reset_trace,134217728,13,4096
251,1745858560,595,trace_trial5.csv,cfg0,filled_then_reset_trace,134217728,13,4096
252,1745862656,606,trace_trial5.csv,cfg0,filled_then_reset_trace,134217728,13,4096
253,1745866752,601,trace_trial5.csv,cfg0,filled_then_reset_trace,134217728,13,4096
254,1745870848,598,trace_trial5.csv,cfg0,filled_then_reset_trace,134217728,13,4096
255,1745874944,596,trace_trial5.csv,cfg0,filled_then_reset_trace,134217728,13,4096
0,872415232,716,trace_trial1.csv,cfg10,filled_then_reset_trace,67108864,13,4096
1,872419328,628,trace_trial1.csv,cfg10,filled_then_reset_trace,67108864,13,4096
2,872423424,632,trace_trial1.csv,cfg10,filled_then_reset_trace,67108864,13,4096
3,872427520,639,trace_trial1.csv,cfg10,filled_then_reset_trace,67108864,13,4096
4,872431616,631,trace_trial1.csv,cfg10,filled_then_reset_trace,67108864,13,4096
5,872435712,560,trace_trial1.csv,cfg10,filled_then_reset_trace,67108864,13,4096
6,872439808,650,trace_trial1.csv,cfg10,filled_then_reset_trace,67108864,13,4096
7,872443904,660,trace_trial1.csv,cfg10,filled_then_reset_trace,67108864,13,4096
8,872448000,633,trace_trial1.csv,cfg10,filled_then_reset_trace,67108864,13,4096
9,872452096,629,trace_trial1.csv,cfg10,filled_then_reset_trace,67108864,13,4096
10,872456192,586,trace_trial1.csv,cfg10,filled_then_reset_trace,67108864,13,4096
11,872460288,594,trace_trial1.csv,cfg10,filled_then_reset_trace,67108864,13,4096
12,872464384,634,trace_trial1.csv,cfg10,filled_then_reset_trace,67108864,13,4096
13,872468480,568,trace_trial1.csv,cfg10,filled_then_reset_trace,67108864,13,4096
14,872472576,634,trace_trial1.csv,cfg10,filled_then_reset_trace,67108864,13,4096
15,872476672,607,trace_trial1.csv,cfg10,filled_then_reset_trace,67108864,13,4096
16,872480768,569,trace_trial1.csv,cfg10,filled_then_reset_trace,67108864,13,4096
17,872484864,594,trace_trial1.csv,cfg10,filled_then_reset_trace,67108864,13,4096
18,872488960,603,trace_trial1.csv,cfg10,filled_then_reset_trace,67108864,13,4096
19,872493056,585,trace_trial1.csv,cfg10,filled_then_reset_trace,67108864,13,4096
20,872497152,602,trace_trial1.csv,cfg10,filled_then_reset_trace,67108864,13,4096
21,872501248,595,trace_trial1.csv,cfg10,filled_then_reset_trace,67108864,13,4096
22,872505344,642,trace_trial1.csv,cfg10,filled_then_reset_trace,67108864,13,4096
23,872509440,596,trace_trial1.csv,cfg10,filled_then_reset_trace,67108864,13,4096
24,872513536,574,trace_trial1.csv,cfg10,filled_then_reset_trace,67108864,13,4096
25,872517632,642,trace_trial1.csv,cfg10,filled_then_reset_trace,67108864,13,4096
26,872521728,600,trace_trial1.csv,cfg10,filled_then_reset_trace,67108864,13,4096
27,872525824,641,trace_trial1.csv,cfg10,filled_then_reset_trace,67108864,13,4096
28,872529920,643,trace_trial1.csv,cfg10,filled_then_reset_trace,67108864,13,4096
29,872534016,568,trace_trial1.csv,cfg10,filled_then_reset_trace,67108864,13,4096
30,872538112,632,trace_trial1.csv,cfg10,filled_then_reset_trace,67108864,13,4096
31,872542208,636,trace_trial1.csv,cfg10,filled_then_reset_trace,67108864,13,4096
32,872546304,563,trace_trial1.csv,cfg10,filled_then_reset_trace,67108864,13,4096
33,872550400,642,trace_trial1.csv,cfg10,filled_then_reset_trace,67108864,13,4096
34,872554496,654,trace_trial1.csv,cfg10,filled_then_reset_trace,67108864,13,4096
35,872558592,661,trace_trial1.csv,cfg10,filled_then_reset_trace,67108864,13,4096
36,872562688,645,trace_trial1.csv,cfg10,filled_then_reset_trace,67108864,13,4096
37,872566784,646,trace_trial1.csv,cfg10,filled_then_reset_trace,67108864,13,4096
38,872570880,629,trace_trial1.csv,cfg10,filled_then_reset_trace,67108864,13,4096
39,872574976,647,trace_trial1.csv,cfg10,filled_then_reset_trace,67108864,13,4096
40,872579072,603,trace_trial1.csv,cfg10,filled_then_reset_trace,67108864,13,4096
41,872583168,635,trace_trial1.csv,cfg10,filled_then_reset_trace,67108864,13,4096
42,872587264,633,trace_trial1.csv,cfg10,filled_then_reset_trace,67108864,13,4096
43,872591360,574,trace_trial1.csv,cfg10,filled_then_reset_trace,67108864,13,4096
44,872595456,639,trace_trial1.csv,cfg10,filled_then_reset_trace,67108864,13,4096
45,872599552,645,trace_trial1.csv,cfg10,filled_then_reset_trace,67108864,13,4096
46,872603648,634,trace_trial1.csv,cfg10,filled_then_reset_trace,67108864,13,4096
47,872607744,637,trace_trial1.csv,cfg10,filled_then_reset_trace,67108864,13,4096
48,872611840,636,trace_trial1.csv,cfg10,filled_then_reset_trace,67108864,13,4096
49,872615936,651,trace_trial1.csv,cfg10,filled_then_reset_trace,67108864,13,4096
50,872620032,638,trace_trial1.csv,cfg10,filled_then_reset_trace,67108864,13,4096
51,872624128,636,trace_trial1.csv,cfg10,filled_then_reset_trace,67108864,13,4096
52,872628224,654,trace_trial1.csv,cfg10,filled_then_reset_trace,67108864,13,4096
53,872632320,643,trace_trial1.csv,cfg10,filled_then_reset_trace,67108864,13,4096
54,872636416,649,trace_trial1.csv,cfg10,filled_then_reset_trace,67108864,13,4096
55,872640512,652,trace_trial1.csv,cfg10,filled_then_reset_trace,67108864,13,4096
56,872644608,646,trace_trial1.csv,cfg10,filled_then_reset_trace,67108864,13,4096
57,872648704,645,trace_trial1.csv,cfg10,filled_then_reset_trace,67108864,13,4096
58,872652800,650,trace_trial1.csv,cfg10,filled_then_reset_trace,67108864,13,4096
59,872656896,653,trace_trial1.csv,cfg10,filled_then_reset_trace,67108864,13,4096
60,872660992,643,trace_trial1.csv,cfg10,filled_then_reset_trace,67108864,13,4096
61,872665088,643,trace_trial1.csv,cfg10,filled_then_reset_trace,67108864,13,4096
62,872669184,647,trace_trial1.csv,cfg10,filled_then_reset_trace,67108864,13,4096
63,872673280,563,trace_trial1.csv,cfg10,filled_then_reset_trace,67108864,13,4096
64,872677376,637,trace_trial1.csv,cfg10,filled_then_reset_trace,67108864,13,4096
65,872681472,641,trace_trial1.csv,cfg10,filled_then_reset_trace,67108864,13,4096
66,872685568,643,trace_trial1.csv,cfg10,filled_then_reset_trace,67108864,13,4096
67,872689664,641,trace_trial1.csv,cfg10,filled_then_reset_trace,67108864,13,4096
68,872693760,639,trace_trial1.csv,cfg10,filled_then_reset_trace,67108864,13,4096
69,872697856,643,trace_trial1.csv,cfg10,filled_then_reset_trace,67108864,13,4096
70,872701952,639,trace_trial1.csv,cfg10,filled_then_reset_trace,67108864,13,4096
71,872706048,638,trace_trial1.csv,cfg10,filled_then_reset_trace,67108864,13,4096
72,872710144,610,trace_trial1.csv,cfg10,filled_then_reset_trace,67108864,13,4096
73,872714240,646,trace_trial1.csv,cfg10,filled_then_reset_trace,67108864,13,4096
74,872718336,631,trace_trial1.csv,cfg10,filled_then_reset_trace,67108864,13,4096
75,872722432,651,trace_trial1.csv,cfg10,filled_then_reset_trace,67108864,13,4096
76,872726528,647,trace_trial1.csv,cfg10,filled_then_reset_trace,67108864,13,4096
77,872730624,641,trace_trial1.csv,cfg10,filled_then_reset_trace,67108864,13,4096
78,872734720,647,trace_trial1.csv,cfg10,filled_then_reset_trace,67108864,13,4096
79,872738816,647,trace_trial1.csv,cfg10,filled_then_reset_trace,67108864,13,4096
80,872742912,646,trace_trial1.csv,cfg10,filled_then_reset_trace,67108864,13,4096
81,872747008,641,trace_trial1.csv,cfg10,filled_then_reset_trace,67108864,13,4096
82,872751104,664,trace_trial1.csv,cfg10,filled_then_reset_trace,67108864,13,4096
83,872755200,562,trace_trial1.csv,cfg10,filled_then_reset_trace,67108864,13,4096
84,872759296,640,trace_trial1.csv,cfg10,filled_then_reset_trace,67108864,13,4096
85,872763392,642,trace_trial1.csv,cfg10,filled_then_reset_trace,67108864,13,4096
86,872767488,642,trace_trial1.csv,cfg10,filled_then_reset_trace,67108864,13,4096
87,872771584,643,trace_trial1.csv,cfg10,filled_then_reset_trace,67108864,13,4096
88,872775680,646,trace_trial1.csv,cfg10,filled_then_reset_trace,67108864,13,4096
89,872779776,644,trace_trial1.csv,cfg10,filled_then_reset_trace,67108864,13,4096
90,872783872,646,trace_trial1.csv,cfg10,filled_then_reset_trace,67108864,13,4096
91,872787968,675,trace_trial1.csv,cfg10,filled_then_reset_trace,67108864,13,4096
92,872792064,573,trace_trial1.csv,cfg10,filled_then_reset_trace,67108864,13,4096
93,872796160,638,trace_trial1.csv,cfg10,filled_then_reset_trace,67108864,13,4096
94,872800256,641,trace_trial1.csv,cfg10,filled_then_reset_trace,67108864,13,4096
95,872804352,647,trace_trial1.csv,cfg10,filled_then_reset_trace,67108864,13,4096
96,872808448,643,trace_trial1.csv,cfg10,filled_then_reset_trace,67108864,13,4096
97,872812544,654,trace_trial1.csv,cfg10,filled_then_reset_trace,67108864,13,4096
98,872816640,650,trace_trial1.csv,cfg10,filled_then_reset_trace,67108864,13,4096
99,872820736,642,trace_trial1.csv,cfg10,filled_then_reset_trace,67108864,13,4096
100,872824832,652,trace_trial1.csv,cfg10,filled_then_reset_trace,67108864,13,4096
101,872828928,651,trace_trial1.csv,cfg10,filled_then_reset_trace,67108864,13,4096
102,872833024,643,trace_trial1.csv,cfg10,filled_then_reset_trace,67108864,13,4096
103,872837120,563,trace_trial1.csv,cfg10,filled_then_reset_trace,67108864,13,4096
104,872841216,650,trace_trial1.csv,cfg10,filled_then_reset_trace,67108864,13,4096
105,872845312,648,trace_trial1.csv,cfg10,filled_then_reset_trace,67108864,13,4096
106,872849408,641,trace_trial1.csv,cfg10,filled_then_reset_trace,67108864,13,4096
107,872853504,645,trace_trial1.csv,cfg10,filled_then_reset_trace,67108864,13,4096
108,872857600,640,trace_trial1.csv,cfg10,filled_then_reset_trace,67108864,13,4096
109,872861696,639,trace_trial1.csv,cfg10,filled_then_reset_trace,67108864,13,4096
110,872865792,646,trace_trial1.csv,cfg10,filled_then_reset_trace,67108864,13,4096
111,872869888,650,trace_trial1.csv,cfg10,filled_then_reset_trace,67108864,13,4096
112,872873984,572,trace_trial1.csv,cfg10,filled_then_reset_trace,67108864,13,4096
113,872878080,642,trace_trial1.csv,cfg10,filled_then_reset_trace,67108864,13,4096
114,872882176,641,trace_trial1.csv,cfg10,filled_then_reset_trace,67108864,13,4096
115,872886272,645,trace_trial1.csv,cfg10,filled_then_reset_trace,67108864,13,4096
116,872890368,644,trace_trial1.csv,cfg10,filled_then_reset_trace,67108864,13,4096
117,872894464,645,trace_trial1.csv,cfg10,filled_then_reset_trace,67108864,13,4096
118,872898560,651,trace_trial1.csv,cfg10,filled_then_reset_trace,67108864,13,4096
119,872902656,643,trace_trial1.csv,cfg10,filled_then_reset_trace,67108864,13,4096
120,872906752,649,trace_trial1.csv,cfg10,filled_then_reset_trace,67108864,13,4096
121,872910848,652,trace_trial1.csv,cfg10,filled_then_reset_trace,67108864,13,4096
122,872914944,652,trace_trial1.csv,cfg10,filled_then_reset_trace,67108864,13,4096
123,872919040,562,trace_trial1.csv,cfg10,filled_then_reset_trace,67108864,13,4096
124,872923136,636,trace_trial1.csv,cfg10,filled_then_reset_trace,67108864,13,4096
125,872927232,641,trace_trial1.csv,cfg10,filled_then_reset_trace,67108864,13,4096
126,872931328,641,trace_trial1.csv,cfg10,filled_then_reset_trace,67108864,13,4096
127,872935424,646,trace_trial1.csv,cfg10,filled_then_reset_trace,67108864,13,4096
128,872939520,641,trace_trial1.csv,cfg10,filled_then_reset_trace,67108864,13,4096
129,872943616,642,trace_trial1.csv,cfg10,filled_then_reset_trace,67108864,13,4096
130,872947712,647,trace_trial1.csv,cfg10,filled_then_reset_trace,67108864,13,4096
131,872951808,641,trace_trial1.csv,cfg10,filled_then_reset_trace,67108864,13,4096
132,872955904,595,trace_trial1.csv,cfg10,filled_then_reset_trace,67108864,13,4096
133,872960000,643,trace_trial1.csv,cfg10,filled_then_reset_trace,67108864,13,4096
134,872964096,638,trace_trial1.csv,cfg10,filled_then_reset_trace,67108864,13,4096
135,872968192,649,trace_trial1.csv,cfg10,filled_then_reset_trace,67108864,13,4096
136,872972288,640,trace_trial1.csv,cfg10,filled_then_reset_trace,67108864,13,4096
137,872976384,641,trace_trial1.csv,cfg10,filled_then_reset_trace,67108864,13,4096
138,872980480,647,trace_trial1.csv,cfg10,filled_then_reset_trace,67108864,13,4096
139,872984576,643,trace_trial1.csv,cfg10,filled_then_reset_trace,67108864,13,4096
140,872988672,642,trace_trial1.csv,cfg10,filled_then_reset_trace,67108864,13,4096
141,872992768,640,trace_trial1.csv,cfg10,filled_then_reset_trace,67108864,13,4096
142,872996864,639,trace_trial1.csv,cfg10,filled_then_reset_trace,67108864,13,4096
143,873000960,568,trace_trial1.csv,cfg10,filled_then_reset_trace,67108864,13,4096
144,873005056,637,trace_trial1.csv,cfg10,filled_then_reset_trace,67108864,13,4096
145,873009152,638,trace_trial1.csv,cfg10,filled_then_reset_trace,67108864,13,4096
146,873013248,639,trace_trial1.csv,cfg10,filled_then_reset_trace,67108864,13,4096
147,873017344,638,trace_trial1.csv,cfg10,filled_then_reset_trace,67108864,13,4096
148,873021440,647,trace_trial1.csv,cfg10,filled_then_reset_trace,67108864,13,4096
149,873025536,650,trace_trial1.csv,cfg10,filled_then_reset_trace,67108864,13,4096
150,873029632,643,trace_trial1.csv,cfg10,filled_then_reset_trace,67108864,13,4096
151,873033728,646,trace_trial1.csv,cfg10,filled_then_reset_trace,67108864,13,4096
152,873037824,607,trace_trial1.csv,cfg10,filled_then_reset_trace,67108864,13,4096
153,873041920,643,trace_trial1.csv,cfg10,filled_then_reset_trace,67108864,13,4096
154,873046016,631,trace_trial1.csv,cfg10,filled_then_reset_trace,67108864,13,4096
155,873050112,649,trace_trial1.csv,cfg10,filled_then_reset_trace,67108864,13,4096
156,873054208,640,trace_trial1.csv,cfg10,filled_then_reset_trace,67108864,13,4096
157,873058304,642,trace_trial1.csv,cfg10,filled_then_reset_trace,67108864,13,4096
158,873062400,646,trace_trial1.csv,cfg10,filled_then_reset_trace,67108864,13,4096
159,873066496,643,trace_trial1.csv,cfg10,filled_then_reset_trace,67108864,13,4096
160,873070592,644,trace_trial1.csv,cfg10,filled_then_reset_trace,67108864,13,4096
161,873074688,640,trace_trial1.csv,cfg10,filled_then_reset_trace,67108864,13,4096
162,873078784,645,trace_trial1.csv,cfg10,filled_then_reset_trace,67108864,13,4096
163,873082880,573,trace_trial1.csv,cfg10,filled_then_reset_trace,67108864,13,4096
164,873086976,649,trace_trial1.csv,cfg10,filled_then_reset_trace,67108864,13,4096
165,873091072,642,trace_trial1.csv,cfg10,filled_then_reset_trace,67108864,13,4096
166,873095168,640,trace_trial1.csv,cfg10,filled_then_reset_trace,67108864,13,4096
167,873099264,640,trace_trial1.csv,cfg10,filled_then_reset_trace,67108864,13,4096
168,873103360,622,trace_trial1.csv,cfg10,filled_then_reset_trace,67108864,13,4096
169,873107456,643,trace_trial1.csv,cfg10,filled_then_reset_trace,67108864,13,4096
170,873111552,639,trace_trial1.csv,cfg10,filled_then_reset_trace,67108864,13,4096
171,873115648,642,trace_trial1.csv,cfg10,filled_then_reset_trace,67108864,13,4096
172,873119744,638,trace_trial1.csv,cfg10,filled_then_reset_trace,67108864,13,4096
173,873123840,641,trace_trial1.csv,cfg10,filled_then_reset_trace,67108864,13,4096
174,873127936,674,trace_trial1.csv,cfg10,filled_then_reset_trace,67108864,13,4096
175,873132032,653,trace_trial1.csv,cfg10,filled_then_reset_trace,67108864,13,4096
176,873136128,641,trace_trial1.csv,cfg10,filled_then_reset_trace,67108864,13,4096
177,873140224,641,trace_trial1.csv,cfg10,filled_then_reset_trace,67108864,13,4096
178,873144320,651,trace_trial1.csv,cfg10,filled_then_reset_trace,67108864,13,4096
179,873148416,643,trace_trial1.csv,cfg10,filled_then_reset_trace,67108864,13,4096
180,873152512,638,trace_trial1.csv,cfg10,filled_then_reset_trace,67108864,13,4096
181,873156608,648,trace_trial1.csv,cfg10,filled_then_reset_trace,67108864,13,4096
182,873160704,643,trace_trial1.csv,cfg10,filled_then_reset_trace,67108864,13,4096
183,873164800,644,trace_trial1.csv,cfg10,filled_then_reset_trace,67108864,13,4096
184,873168896,641,trace_trial1.csv,cfg10,filled_then_reset_trace,67108864,13,4096
185,873172992,640,trace_trial1.csv,cfg10,filled_then_reset_trace,67108864,13,4096
186,873177088,642,trace_trial1.csv,cfg10,filled_then_reset_trace,67108864,13,4096
187,873181184,643,trace_trial1.csv,cfg10,filled_then_reset_trace,67108864,13,4096
188,873185280,642,trace_trial1.csv,cfg10,filled_then_reset_trace,67108864,13,4096
189,873189376,574,trace_trial1.csv,cfg10,filled_then_reset_trace,67108864,13,4096
190,873193472,643,trace_trial1.csv,cfg10,filled_then_reset_trace,67108864,13,4096
191,873197568,645,trace_trial1.csv,cfg10,filled_then_reset_trace,67108864,13,4096
192,873201664,637,trace_trial1.csv,cfg10,filled_then_reset_trace,67108864,13,4096
193,873205760,641,trace_trial1.csv,cfg10,filled_then_reset_trace,67108864,13,4096
194,873209856,645,trace_trial1.csv,cfg10,filled_then_reset_trace,67108864,13,4096
195,873213952,642,trace_trial1.csv,cfg10,filled_then_reset_trace,67108864,13,4096
196,873218048,641,trace_trial1.csv,cfg10,filled_then_reset_trace,67108864,13,4096
197,873222144,643,trace_trial1.csv,cfg10,filled_then_reset_trace,67108864,13,4096
198,873226240,630,trace_trial1.csv,cfg10,filled_then_reset_trace,67108864,13,4096
199,873230336,646,trace_trial1.csv,cfg10,filled_then_reset_trace,67108864,13,4096
200,873234432,633,trace_trial1.csv,cfg10,filled_then_reset_trace,67108864,13,4096
201,873238528,649,trace_trial1.csv,cfg10,filled_then_reset_trace,67108864,13,4096
202,873242624,641,trace_trial1.csv,cfg10,filled_then_reset_trace,67108864,13,4096
203,873246720,647,trace_trial1.csv,cfg10,filled_then_reset_trace,67108864,13,4096
204,873250816,649,trace_trial1.csv,cfg10,filled_then_reset_trace,67108864,13,4096
205,873254912,646,trace_trial1.csv,cfg10,filled_then_reset_trace,67108864,13,4096
206,873259008,646,trace_trial1.csv,cfg10,filled_then_reset_trace,67108864,13,4096
207,873263104,645,trace_trial1.csv,cfg10,filled_then_reset_trace,67108864,13,4096
208,873267200,639,trace_trial1.csv,cfg10,filled_then_reset_trace,67108864,13,4096
209,873271296,562,trace_trial1.csv,cfg10,filled_then_reset_trace,67108864,13,4096
210,873275392,637,trace_trial1.csv,cfg10,filled_then_reset_trace,67108864,13,4096
211,873279488,647,trace_trial1.csv,cfg10,filled_then_reset_trace,67108864,13,4096
212,873283584,641,trace_trial1.csv,cfg10,filled_then_reset_trace,67108864,13,4096
213,873287680,647,trace_trial1.csv,cfg10,filled_then_reset_trace,67108864,13,4096
214,873291776,643,trace_trial1.csv,cfg10,filled_then_reset_trace,67108864,13,4096
215,873295872,642,trace_trial1.csv,cfg10,filled_then_reset_trace,67108864,13,4096
216,873299968,639,trace_trial1.csv,cfg10,filled_then_reset_trace,67108864,13,4096
217,873304064,646,trace_trial1.csv,cfg10,filled_then_reset_trace,67108864,13,4096
218,873308160,603,trace_trial1.csv,cfg10,filled_then_reset_trace,67108864,13,4096
219,873312256,640,trace_trial1.csv,cfg10,filled_then_reset_trace,67108864,13,4096
220,873316352,634,trace_trial1.csv,cfg10,filled_then_reset_trace,67108864,13,4096
221,873320448,646,trace_trial1.csv,cfg10,filled_then_reset_trace,67108864,13,4096
222,873324544,639,trace_trial1.csv,cfg10,filled_then_reset_trace,67108864,13,4096
223,873328640,643,trace_trial1.csv,cfg10,filled_then_reset_trace,67108864,13,4096
224,873332736,648,trace_trial1.csv,cfg10,filled_then_reset_trace,67108864,13,4096
225,873336832,640,trace_trial1.csv,cfg10,filled_then_reset_trace,67108864,13,4096
226,873340928,646,trace_trial1.csv,cfg10,filled_then_reset_trace,67108864,13,4096
227,873345024,641,trace_trial1.csv,cfg10,filled_then_reset_trace,67108864,13,4096
228,873349120,647,trace_trial1.csv,cfg10,filled_then_reset_trace,67108864,13,4096
229,873353216,562,trace_trial1.csv,cfg10,filled_then_reset_trace,67108864,13,4096
230,873357312,633,trace_trial1.csv,cfg10,filled_then_reset_trace,67108864,13,4096
231,873361408,646,trace_trial1.csv,cfg10,filled_then_reset_trace,67108864,13,4096
232,873365504,635,trace_trial1.csv,cfg10,filled_then_reset_trace,67108864,13,4096
233,873369600,640,trace_trial1.csv,cfg10,filled_then_reset_trace,67108864,13,4096
234,873373696,636,trace_trial1.csv,cfg10,filled_then_reset_trace,67108864,13,4096
235,873377792,641,trace_trial1.csv,cfg10,filled_then_reset_trace,67108864,13,4096
236,873381888,643,trace_trial1.csv,cfg10,filled_then_reset_trace,67108864,13,4096
237,873385984,643,trace_trial1.csv,cfg10,filled_then_reset_trace,67108864,13,4096
238,873390080,631,trace_trial1.csv,cfg10,filled_then_reset_trace,67108864,13,4096
239,873394176,633,trace_trial1.csv,cfg10,filled_then_reset_trace,67108864,13,4096
240,873398272,633,trace_trial1.csv,cfg10,filled_then_reset_trace,67108864,13,4096
241,873402368,648,trace_trial1.csv,cfg10,filled_then_reset_trace,67108864,13,4096
242,873406464,641,trace_trial1.csv,cfg10,filled_then_reset_trace,67108864,13,4096
243,873410560,644,trace_trial1.csv,cfg10,filled_then_reset_trace,67108864,13,4096
244,873414656,643,trace_trial1.csv,cfg10,filled_then_reset_trace,67108864,13,4096
245,873418752,644,trace_trial1.csv,cfg10,filled_then_reset_trace,67108864,13,4096
246,873422848,642,trace_trial1.csv,cfg10,filled_then_reset_trace,67108864,13,4096
247,873426944,641,trace_trial1.csv,cfg10,filled_then_reset_trace,67108864,13,4096
248,873431040,643,trace_trial1.csv,cfg10,filled_then_reset_trace,67108864,13,4096
249,873435136,575,trace_trial1.csv,cfg10,filled_then_reset_trace,67108864,13,4096
250,873439232,642,trace_trial1.csv,cfg10,filled_then_reset_trace,67108864,13,4096
251,873443328,640,trace_trial1.csv,cfg10,filled_then_reset_trace,67108864,13,4096
252,873447424,644,trace_trial1.csv,cfg10,filled_then_reset_trace,67108864,13,4096
253,873451520,638,trace_trial1.csv,cfg10,filled_then_reset_trace,67108864,13,4096
254,873455616,643,trace_trial1.csv,cfg10,filled_then_reset_trace,67108864,13,4096
255,873459712,639,trace_trial1.csv,cfg10,filled_then_reset_trace,67108864,13,4096
0,872415232,714,trace_trial2.csv,cfg10,filled_then_reset_trace,67108864,13,4096
1,872419328,635,trace_trial2.csv,cfg10,filled_then_reset_trace,67108864,13,4096
2,872423424,576,trace_trial2.csv,cfg10,filled_then_reset_trace,67108864,13,4096
3,872427520,599,trace_trial2.csv,cfg10,filled_then_reset_trace,67108864,13,4096
4,872431616,612,trace_trial2.csv,cfg10,filled_then_reset_trace,67108864,13,4096
5,872435712,659,trace_trial2.csv,cfg10,filled_then_reset_trace,67108864,13,4096
6,872439808,611,trace_trial2.csv,cfg10,filled_then_reset_trace,67108864,13,4096
7,872443904,561,trace_trial2.csv,cfg10,filled_then_reset_trace,67108864,13,4096
8,872448000,630,trace_trial2.csv,cfg10,filled_then_reset_trace,67108864,13,4096
9,872452096,560,trace_trial2.csv,cfg10,filled_then_reset_trace,67108864,13,4096
10,872456192,639,trace_trial2.csv,cfg10,filled_then_reset_trace,67108864,13,4096
11,872460288,635,trace_trial2.csv,cfg10,filled_then_reset_trace,67108864,13,4096
12,872464384,638,trace_trial2.csv,cfg10,filled_then_reset_trace,67108864,13,4096
13,872468480,643,trace_trial2.csv,cfg10,filled_then_reset_trace,67108864,13,4096
14,872472576,634,trace_trial2.csv,cfg10,filled_then_reset_trace,67108864,13,4096
15,872476672,559,trace_trial2.csv,cfg10,filled_then_reset_trace,67108864,13,4096
16,872480768,629,trace_trial2.csv,cfg10,filled_then_reset_trace,67108864,13,4096
17,872484864,635,trace_trial2.csv,cfg10,filled_then_reset_trace,67108864,13,4096
18,872488960,569,trace_trial2.csv,cfg10,filled_then_reset_trace,67108864,13,4096
19,872493056,635,trace_trial2.csv,cfg10,filled_then_reset_trace,67108864,13,4096
20,872497152,637,trace_trial2.csv,cfg10,filled_then_reset_trace,67108864,13,4096
21,872501248,635,trace_trial2.csv,cfg10,filled_then_reset_trace,67108864,13,4096
22,872505344,638,trace_trial2.csv,cfg10,filled_then_reset_trace,67108864,13,4096
23,872509440,633,trace_trial2.csv,cfg10,filled_then_reset_trace,67108864,13,4096
24,872513536,651,trace_trial2.csv,cfg10,filled_then_reset_trace,67108864,13,4096
25,872517632,631,trace_trial2.csv,cfg10,filled_then_reset_trace,67108864,13,4096
26,872521728,558,trace_trial2.csv,cfg10,filled_then_reset_trace,67108864,13,4096
27,872525824,628,trace_trial2.csv,cfg10,filled_then_reset_trace,67108864,13,4096
28,872529920,596,trace_trial2.csv,cfg10,filled_then_reset_trace,67108864,13,4096
29,872534016,645,trace_trial2.csv,cfg10,filled_then_reset_trace,67108864,13,4096
30,872538112,596,trace_trial2.csv,cfg10,filled_then_reset_trace,67108864,13,4096
31,872542208,609,trace_trial2.csv,cfg10,filled_then_reset_trace,67108864,13,4096
32,872546304,596,trace_trial2.csv,cfg10,filled_then_reset_trace,67108864,13,4096
33,872550400,642,trace_trial2.csv,cfg10,filled_then_reset_trace,67108864,13,4096
34,872554496,560,trace_trial2.csv,cfg10,filled_then_reset_trace,67108864,13,4096
35,872558592,594,trace_trial2.csv,cfg10,filled_then_reset_trace,67108864,13,4096
36,872562688,615,trace_trial2.csv,cfg10,filled_then_reset_trace,67108864,13,4096
37,872566784,625,trace_trial2.csv,cfg10,filled_then_reset_trace,67108864,13,4096
38,872570880,642,trace_trial2.csv,cfg10,filled_then_reset_trace,67108864,13,4096
39,872574976,627,trace_trial2.csv,cfg10,filled_then_reset_trace,67108864,13,4096
40,872579072,639,trace_trial2.csv,cfg10,filled_then_reset_trace,67108864,13,4096
41,872583168,636,trace_trial2.csv,cfg10,filled_then_reset_trace,67108864,13,4096
42,872587264,633,trace_trial2.csv,cfg10,filled_then_reset_trace,67108864,13,4096
43,872591360,629,trace_trial2.csv,cfg10,filled_then_reset_trace,67108864,13,4096
44,872595456,632,trace_trial2.csv,cfg10,filled_then_reset_trace,67108864,13,4096
45,872599552,568,trace_trial2.csv,cfg10,filled_then_reset_trace,67108864,13,4096
46,872603648,636,trace_trial2.csv,cfg10,filled_then_reset_trace,67108864,13,4096
47,872607744,655,trace_trial2.csv,cfg10,filled_then_reset_trace,67108864,13,4096
48,872611840,630,trace_trial2.csv,cfg10,filled_then_reset_trace,67108864,13,4096
49,872615936,635,trace_trial2.csv,cfg10,filled_then_reset_trace,67108864,13,4096
50,872620032,628,trace_trial2.csv,cfg10,filled_then_reset_trace,67108864,13,4096
51,872624128,622,trace_trial2.csv,cfg10,filled_then_reset_trace,67108864,13,4096
52,872628224,635,trace_trial2.csv,cfg10,filled_then_reset_trace,67108864,13,4096
53,872632320,561,trace_trial2.csv,cfg10,filled_then_reset_trace,67108864,13,4096
54,872636416,632,trace_trial2.csv,cfg10,filled_then_reset_trace,67108864,13,4096
55,872640512,633,trace_trial2.csv,cfg10,filled_then_reset_trace,67108864,13,4096
56,872644608,568,trace_trial2.csv,cfg10,filled_then_reset_trace,67108864,13,4096
57,872648704,627,trace_trial2.csv,cfg10,filled_then_reset_trace,67108864,13,4096
58,872652800,637,trace_trial2.csv,cfg10,filled_then_reset_trace,67108864,13,4096
59,872656896,608,trace_trial2.csv,cfg10,filled_then_reset_trace,67108864,13,4096
60,872660992,670,trace_trial2.csv,cfg10,filled_then_reset_trace,67108864,13,4096
61,872665088,639,trace_trial2.csv,cfg10,filled_then_reset_trace,67108864,13,4096
62,872669184,625,trace_trial2.csv,cfg10,filled_then_reset_trace,67108864,13,4096
63,872673280,639,trace_trial2.csv,cfg10,filled_then_reset_trace,67108864,13,4096
64,872677376,561,trace_trial2.csv,cfg10,filled_then_reset_trace,67108864,13,4096
65,872681472,632,trace_trial2.csv,cfg10,filled_then_reset_trace,67108864,13,4096
66,872685568,671,trace_trial2.csv,cfg10,filled_then_reset_trace,67108864,13,4096
67,872689664,638,trace_trial2.csv,cfg10,filled_then_reset_trace,67108864,13,4096
68,872693760,638,trace_trial2.csv,cfg10,filled_then_reset_trace,67108864,13,4096
69,872697856,640,trace_trial2.csv,cfg10,filled_then_reset_trace,67108864,13,4096
70,872701952,631,trace_trial2.csv,cfg10,filled_then_reset_trace,67108864,13,4096
71,872706048,638,trace_trial2.csv,cfg10,filled_then_reset_trace,67108864,13,4096
72,872710144,637,trace_trial2.csv,cfg10,filled_then_reset_trace,67108864,13,4096
73,872714240,581,trace_trial2.csv,cfg10,filled_then_reset_trace,67108864,13,4096
74,872718336,638,trace_trial2.csv,cfg10,filled_then_reset_trace,67108864,13,4096
75,872722432,637,trace_trial2.csv,cfg10,filled_then_reset_trace,67108864,13,4096
76,872726528,640,trace_trial2.csv,cfg10,filled_then_reset_trace,67108864,13,4096
77,872730624,640,trace_trial2.csv,cfg10,filled_then_reset_trace,67108864,13,4096
78,872734720,657,trace_trial2.csv,cfg10,filled_then_reset_trace,67108864,13,4096
79,872738816,648,trace_trial2.csv,cfg10,filled_then_reset_trace,67108864,13,4096
80,872742912,639,trace_trial2.csv,cfg10,filled_then_reset_trace,67108864,13,4096
81,872747008,642,trace_trial2.csv,cfg10,filled_then_reset_trace,67108864,13,4096
82,872751104,632,trace_trial2.csv,cfg10,filled_then_reset_trace,67108864,13,4096
83,872755200,638,trace_trial2.csv,cfg10,filled_then_reset_trace,67108864,13,4096
84,872759296,572,trace_trial2.csv,cfg10,filled_then_reset_trace,67108864,13,4096
85,872763392,640,trace_trial2.csv,cfg10,filled_then_reset_trace,67108864,13,4096
86,872767488,643,trace_trial2.csv,cfg10,filled_then_reset_trace,67108864,13,4096
87,872771584,639,trace_trial2.csv,cfg10,filled_then_reset_trace,67108864,13,4096
88,872775680,633,trace_trial2.csv,cfg10,filled_then_reset_trace,67108864,13,4096
89,872779776,638,trace_trial2.csv,cfg10,filled_then_reset_trace,67108864,13,4096
90,872783872,642,trace_trial2.csv,cfg10,filled_then_reset_trace,67108864,13,4096
91,872787968,637,trace_trial2.csv,cfg10,filled_then_reset_trace,67108864,13,4096
92,872792064,635,trace_trial2.csv,cfg10,filled_then_reset_trace,67108864,13,4096
93,872796160,642,trace_trial2.csv,cfg10,filled_then_reset_trace,67108864,13,4096
94,872800256,635,trace_trial2.csv,cfg10,filled_then_reset_trace,67108864,13,4096
95,872804352,640,trace_trial2.csv,cfg10,filled_then_reset_trace,67108864,13,4096
96,872808448,644,trace_trial2.csv,cfg10,filled_then_reset_trace,67108864,13,4096
97,872812544,638,trace_trial2.csv,cfg10,filled_then_reset_trace,67108864,13,4096
98,872816640,600,trace_trial2.csv,cfg10,filled_then_reset_trace,67108864,13,4096
99,872820736,635,trace_trial2.csv,cfg10,filled_then_reset_trace,67108864,13,4096
100,872824832,641,trace_trial2.csv,cfg10,filled_then_reset_trace,67108864,13,4096
101,872828928,634,trace_trial2.csv,cfg10,filled_then_reset_trace,67108864,13,4096
102,872833024,642,trace_trial2.csv,cfg10,filled_then_reset_trace,67108864,13,4096
103,872837120,636,trace_trial2.csv,cfg10,filled_then_reset_trace,67108864,13,4096
104,872841216,573,trace_trial2.csv,cfg10,filled_then_reset_trace,67108864,13,4096
105,872845312,649,trace_trial2.csv,cfg10,filled_then_reset_trace,67108864,13,4096
106,872849408,634,trace_trial2.csv,cfg10,filled_then_reset_trace,67108864,13,4096
107,872853504,609,trace_trial2.csv,cfg10,filled_then_reset_trace,67108864,13,4096
108,872857600,640,trace_trial2.csv,cfg10,filled_then_reset_trace,67108864,13,4096
109,872861696,626,trace_trial2.csv,cfg10,filled_then_reset_trace,67108864,13,4096
110,872865792,640,trace_trial2.csv,cfg10,filled_then_reset_trace,67108864,13,4096
111,872869888,629,trace_trial2.csv,cfg10,filled_then_reset_trace,67108864,13,4096
112,872873984,559,trace_trial2.csv,cfg10,filled_then_reset_trace,67108864,13,4096
113,872878080,607,trace_trial2.csv,cfg10,filled_then_reset_trace,67108864,13,4096
114,872882176,638,trace_trial2.csv,cfg10,filled_then_reset_trace,67108864,13,4096
115,872886272,564,trace_trial2.csv,cfg10,filled_then_reset_trace,67108864,13,4096
116,872890368,605,trace_trial2.csv,cfg10,filled_then_reset_trace,67108864,13,4096
117,872894464,589,trace_trial2.csv,cfg10,filled_then_reset_trace,67108864,13,4096
118,872898560,694,trace_trial2.csv,cfg10,filled_then_reset_trace,67108864,13,4096
119,872902656,606,trace_trial2.csv,cfg10,filled_then_reset_trace,67108864,13,4096
120,872906752,598,trace_trial2.csv,cfg10,filled_then_reset_trace,67108864,13,4096
121,872910848,595,trace_trial2.csv,cfg10,filled_then_reset_trace,67108864,13,4096
122,872914944,597,trace_trial2.csv,cfg10,filled_then_reset_trace,67108864,13,4096
123,872919040,598,trace_trial2.csv,cfg10,filled_then_reset_trace,67108864,13,4096
124,872923136,593,trace_trial2.csv,cfg10,filled_then_reset_trace,67108864,13,4096
125,872927232,560,trace_trial2.csv,cfg10,filled_then_reset_trace,67108864,13,4096
126,872931328,594,trace_trial2.csv,cfg10,filled_then_reset_trace,67108864,13,4096
127,872935424,598,trace_trial2.csv,cfg10,filled_then_reset_trace,67108864,13,4096
128,872939520,595,trace_trial2.csv,cfg10,filled_then_reset_trace,67108864,13,4096
129,872943616,596,trace_trial2.csv,cfg10,filled_then_reset_trace,67108864,13,4096
130,872947712,595,trace_trial2.csv,cfg10,filled_then_reset_trace,67108864,13,4096
131,872951808,599,trace_trial2.csv,cfg10,filled_then_reset_trace,67108864,13,4096
132,872955904,600,trace_trial2.csv,cfg10,filled_then_reset_trace,67108864,13,4096
133,872960000,615,trace_trial2.csv,cfg10,filled_then_reset_trace,67108864,13,4096
134,872964096,597,trace_trial2.csv,cfg10,filled_then_reset_trace,67108864,13,4096
135,872968192,618,trace_trial2.csv,cfg10,filled_then_reset_trace,67108864,13,4096
136,872972288,595,trace_trial2.csv,cfg10,filled_then_reset_trace,67108864,13,4096
137,872976384,595,trace_trial2.csv,cfg10,filled_then_reset_trace,67108864,13,4096
138,872980480,571,trace_trial2.csv,cfg10,filled_then_reset_trace,67108864,13,4096
139,872984576,598,trace_trial2.csv,cfg10,filled_then_reset_trace,67108864,13,4096
140,872988672,595,trace_trial2.csv,cfg10,filled_then_reset_trace,67108864,13,4096
141,872992768,601,trace_trial2.csv,cfg10,filled_then_reset_trace,67108864,13,4096
142,872996864,594,trace_trial2.csv,cfg10,filled_then_reset_trace,67108864,13,4096
143,873000960,599,trace_trial2.csv,cfg10,filled_then_reset_trace,67108864,13,4096
144,873005056,598,trace_trial2.csv,cfg10,filled_then_reset_trace,67108864,13,4096
145,873009152,597,trace_trial2.csv,cfg10,filled_then_reset_trace,67108864,13,4096
146,873013248,598,trace_trial2.csv,cfg10,filled_then_reset_trace,67108864,13,4096
147,873017344,596,trace_trial2.csv,cfg10,filled_then_reset_trace,67108864,13,4096
148,873021440,665,trace_trial2.csv,cfg10,filled_then_reset_trace,67108864,13,4096
149,873025536,595,trace_trial2.csv,cfg10,filled_then_reset_trace,67108864,13,4096
150,873029632,617,trace_trial2.csv,cfg10,filled_then_reset_trace,67108864,13,4096
151,873033728,571,trace_trial2.csv,cfg10,filled_then_reset_trace,67108864,13,4096
152,873037824,597,trace_trial2.csv,cfg10,filled_then_reset_trace,67108864,13,4096
153,873041920,595,trace_trial2.csv,cfg10,filled_then_reset_trace,67108864,13,4096
154,873046016,602,trace_trial2.csv,cfg10,filled_then_reset_trace,67108864,13,4096
155,873050112,596,trace_trial2.csv,cfg10,filled_then_reset_trace,67108864,13,4096
156,873054208,598,trace_trial2.csv,cfg10,filled_then_reset_trace,67108864,13,4096
157,873058304,595,trace_trial2.csv,cfg10,filled_then_reset_trace,67108864,13,4096
158,873062400,598,trace_trial2.csv,cfg10,filled_then_reset_trace,67108864,13,4096
159,873066496,595,trace_trial2.csv,cfg10,filled_then_reset_trace,67108864,13,4096
160,873070592,596,trace_trial2.csv,cfg10,filled_then_reset_trace,67108864,13,4096
161,873074688,570,trace_trial2.csv,cfg10,filled_then_reset_trace,67108864,13,4096
162,873078784,594,trace_trial2.csv,cfg10,filled_then_reset_trace,67108864,13,4096
163,873082880,595,trace_trial2.csv,cfg10,filled_then_reset_trace,67108864,13,4096
164,873086976,596,trace_trial2.csv,cfg10,filled_then_reset_trace,67108864,13,4096
165,873091072,594,trace_trial2.csv,cfg10,filled_then_reset_trace,67108864,13,4096
166,873095168,595,trace_trial2.csv,cfg10,filled_then_reset_trace,67108864,13,4096
167,873099264,615,trace_trial2.csv,cfg10,filled_then_reset_trace,67108864,13,4096
168,873103360,599,trace_trial2.csv,cfg10,filled_then_reset_trace,67108864,13,4096
169,873107456,598,trace_trial2.csv,cfg10,filled_then_reset_trace,67108864,13,4096
170,873111552,597,trace_trial2.csv,cfg10,filled_then_reset_trace,67108864,13,4096
171,873115648,596,trace_trial2.csv,cfg10,filled_then_reset_trace,67108864,13,4096
172,873119744,595,trace_trial2.csv,cfg10,filled_then_reset_trace,67108864,13,4096
173,873123840,607,trace_trial2.csv,cfg10,filled_then_reset_trace,67108864,13,4096
174,873127936,573,trace_trial2.csv,cfg10,filled_then_reset_trace,67108864,13,4096
175,873132032,595,trace_trial2.csv,cfg10,filled_then_reset_trace,67108864,13,4096
176,873136128,563,trace_trial2.csv,cfg10,filled_then_reset_trace,67108864,13,4096
177,873140224,595,trace_trial2.csv,cfg10,filled_then_reset_trace,67108864,13,4096
178,873144320,598,trace_trial2.csv,cfg10,filled_then_reset_trace,67108864,13,4096
179,873148416,597,trace_trial2.csv,cfg10,filled_then_reset_trace,67108864,13,4096
180,873152512,604,trace_trial2.csv,cfg10,filled_then_reset_trace,67108864,13,4096
181,873156608,595,trace_trial2.csv,cfg10,filled_then_reset_trace,67108864,13,4096
182,873160704,596,trace_trial2.csv,cfg10,filled_then_reset_trace,67108864,13,4096
183,873164800,594,trace_trial2.csv,cfg10,filled_then_reset_trace,67108864,13,4096
184,873168896,598,trace_trial2.csv,cfg10,filled_then_reset_trace,67108864,13,4096
185,873172992,592,trace_trial2.csv,cfg10,filled_then_reset_trace,67108864,13,4096
186,873177088,595,trace_trial2.csv,cfg10,filled_then_reset_trace,67108864,13,4096
187,873181184,571,trace_trial2.csv,cfg10,filled_then_reset_trace,67108864,13,4096
188,873185280,595,trace_trial2.csv,cfg10,filled_then_reset_trace,67108864,13,4096
189,873189376,598,trace_trial2.csv,cfg10,filled_then_reset_trace,67108864,13,4096
190,873193472,594,trace_trial2.csv,cfg10,filled_then_reset_trace,67108864,13,4096
191,873197568,597,trace_trial2.csv,cfg10,filled_then_reset_trace,67108864,13,4096
192,873201664,602,trace_trial2.csv,cfg10,filled_then_reset_trace,67108864,13,4096
193,873205760,594,trace_trial2.csv,cfg10,filled_then_reset_trace,67108864,13,4096
194,873209856,598,trace_trial2.csv,cfg10,filled_then_reset_trace,67108864,13,4096
195,873213952,596,trace_trial2.csv,cfg10,filled_then_reset_trace,67108864,13,4096
196,873218048,594,trace_trial2.csv,cfg10,filled_then_reset_trace,67108864,13,4096
197,873222144,571,trace_trial2.csv,cfg10,filled_then_reset_trace,67108864,13,4096
198,873226240,595,trace_trial2.csv,cfg10,filled_then_reset_trace,67108864,13,4096
199,873230336,595,trace_trial2.csv,cfg10,filled_then_reset_trace,67108864,13,4096
200,873234432,595,trace_trial2.csv,cfg10,filled_then_reset_trace,67108864,13,4096
201,873238528,614,trace_trial2.csv,cfg10,filled_then_reset_trace,67108864,13,4096
202,873242624,596,trace_trial2.csv,cfg10,filled_then_reset_trace,67108864,13,4096
203,873246720,596,trace_trial2.csv,cfg10,filled_then_reset_trace,67108864,13,4096
204,873250816,603,trace_trial2.csv,cfg10,filled_then_reset_trace,67108864,13,4096
205,873254912,597,trace_trial2.csv,cfg10,filled_then_reset_trace,67108864,13,4096
206,873259008,596,trace_trial2.csv,cfg10,filled_then_reset_trace,67108864,13,4096
207,873263104,560,trace_trial2.csv,cfg10,filled_then_reset_trace,67108864,13,4096
208,873267200,592,trace_trial2.csv,cfg10,filled_then_reset_trace,67108864,13,4096
209,873271296,596,trace_trial2.csv,cfg10,filled_then_reset_trace,67108864,13,4096
210,873275392,596,trace_trial2.csv,cfg10,filled_then_reset_trace,67108864,13,4096
211,873279488,594,trace_trial2.csv,cfg10,filled_then_reset_trace,67108864,13,4096
212,873283584,596,trace_trial2.csv,cfg10,filled_then_reset_trace,67108864,13,4096
213,873287680,609,trace_trial2.csv,cfg10,filled_then_reset_trace,67108864,13,4096
214,873291776,594,trace_trial2.csv,cfg10,filled_then_reset_trace,67108864,13,4096
215,873295872,598,trace_trial2.csv,cfg10,filled_then_reset_trace,67108864,13,4096
216,873299968,604,trace_trial2.csv,cfg10,filled_then_reset_trace,67108864,13,4096
217,873304064,653,trace_trial2.csv,cfg10,filled_then_reset_trace,67108864,13,4096
218,873308160,596,trace_trial2.csv,cfg10,filled_then_reset_trace,67108864,13,4096
219,873312256,615,trace_trial2.csv,cfg10,filled_then_reset_trace,67108864,13,4096
220,873316352,571,trace_trial2.csv,cfg10,filled_then_reset_trace,67108864,13,4096
221,873320448,597,trace_trial2.csv,cfg10,filled_then_reset_trace,67108864,13,4096
222,873324544,596,trace_trial2.csv,cfg10,filled_then_reset_trace,67108864,13,4096
223,873328640,598,trace_trial2.csv,cfg10,filled_then_reset_trace,67108864,13,4096
224,873332736,596,trace_trial2.csv,cfg10,filled_then_reset_trace,67108864,13,4096
225,873336832,597,trace_trial2.csv,cfg10,filled_then_reset_trace,67108864,13,4096
226,873340928,597,trace_trial2.csv,cfg10,filled_then_reset_trace,67108864,13,4096
227,873345024,594,trace_trial2.csv,cfg10,filled_then_reset_trace,67108864,13,4096
228,873349120,603,trace_trial2.csv,cfg10,filled_then_reset_trace,67108864,13,4096
229,873353216,594,trace_trial2.csv,cfg10,filled_then_reset_trace,67108864,13,4096
230,873357312,640,trace_trial2.csv,cfg10,filled_then_reset_trace,67108864,13,4096
231,873361408,595,trace_trial2.csv,cfg10,filled_then_reset_trace,67108864,13,4096
232,873365504,616,trace_trial2.csv,cfg10,filled_then_reset_trace,67108864,13,4096
233,873369600,572,trace_trial2.csv,cfg10,filled_then_reset_trace,67108864,13,4096
234,873373696,594,trace_trial2.csv,cfg10,filled_then_reset_trace,67108864,13,4096
235,873377792,596,trace_trial2.csv,cfg10,filled_then_reset_trace,67108864,13,4096
236,873381888,600,trace_trial2.csv,cfg10,filled_then_reset_trace,67108864,13,4096
237,873385984,595,trace_trial2.csv,cfg10,filled_then_reset_trace,67108864,13,4096
238,873390080,597,trace_trial2.csv,cfg10,filled_then_reset_trace,67108864,13,4096
239,873394176,596,trace_trial2.csv,cfg10,filled_then_reset_trace,67108864,13,4096
240,873398272,596,trace_trial2.csv,cfg10,filled_then_reset_trace,67108864,13,4096
241,873402368,604,trace_trial2.csv,cfg10,filled_then_reset_trace,67108864,13,4096
242,873406464,596,trace_trial2.csv,cfg10,filled_then_reset_trace,67108864,13,4096
243,873410560,562,trace_trial2.csv,cfg10,filled_then_reset_trace,67108864,13,4096
244,873414656,593,trace_trial2.csv,cfg10,filled_then_reset_trace,67108864,13,4096
245,873418752,597,trace_trial2.csv,cfg10,filled_then_reset_trace,67108864,13,4096
246,873422848,598,trace_trial2.csv,cfg10,filled_then_reset_trace,67108864,13,4096
247,873426944,594,trace_trial2.csv,cfg10,filled_then_reset_trace,67108864,13,4096
248,873431040,597,trace_trial2.csv,cfg10,filled_then_reset_trace,67108864,13,4096
249,873435136,593,trace_trial2.csv,cfg10,filled_then_reset_trace,67108864,13,4096
250,873439232,599,trace_trial2.csv,cfg10,filled_then_reset_trace,67108864,13,4096
251,873443328,598,trace_trial2.csv,cfg10,filled_then_reset_trace,67108864,13,4096
252,873447424,597,trace_trial2.csv,cfg10,filled_then_reset_trace,67108864,13,4096
253,873451520,615,trace_trial2.csv,cfg10,filled_then_reset_trace,67108864,13,4096
254,873455616,595,trace_trial2.csv,cfg10,filled_then_reset_trace,67108864,13,4096
255,873459712,671,trace_trial2.csv,cfg10,filled_then_reset_trace,67108864,13,4096
0,872415232,784,trace_trial3.csv,cfg10,filled_then_reset_trace,67108864,13,4096
1,872419328,593,trace_trial3.csv,cfg10,filled_then_reset_trace,67108864,13,4096
2,872423424,594,trace_trial3.csv,cfg10,filled_then_reset_trace,67108864,13,4096
3,872427520,606,trace_trial3.csv,cfg10,filled_then_reset_trace,67108864,13,4096
4,872431616,622,trace_trial3.csv,cfg10,filled_then_reset_trace,67108864,13,4096
5,872435712,594,trace_trial3.csv,cfg10,filled_then_reset_trace,67108864,13,4096
6,872439808,604,trace_trial3.csv,cfg10,filled_then_reset_trace,67108864,13,4096
7,872443904,577,trace_trial3.csv,cfg10,filled_then_reset_trace,67108864,13,4096
8,872448000,634,trace_trial3.csv,cfg10,filled_then_reset_trace,67108864,13,4096
9,872452096,631,trace_trial3.csv,cfg10,filled_then_reset_trace,67108864,13,4096
10,872456192,588,trace_trial3.csv,cfg10,filled_then_reset_trace,67108864,13,4096
11,872460288,628,trace_trial3.csv,cfg10,filled_then_reset_trace,67108864,13,4096
12,872464384,575,trace_trial3.csv,cfg10,filled_then_reset_trace,67108864,13,4096
13,872468480,640,trace_trial3.csv,cfg10,filled_then_reset_trace,67108864,13,4096
14,872472576,637,trace_trial3.csv,cfg10,filled_then_reset_trace,67108864,13,4096
15,872476672,630,trace_trial3.csv,cfg10,filled_then_reset_trace,67108864,13,4096
16,872480768,638,trace_trial3.csv,cfg10,filled_then_reset_trace,67108864,13,4096
17,872484864,638,trace_trial3.csv,cfg10,filled_then_reset_trace,67108864,13,4096
18,872488960,564,trace_trial3.csv,cfg10,filled_then_reset_trace,67108864,13,4096
19,872493056,629,trace_trial3.csv,cfg10,filled_then_reset_trace,67108864,13,4096
20,872497152,652,trace_trial3.csv,cfg10,filled_then_reset_trace,67108864,13,4096
21,872501248,627,trace_trial3.csv,cfg10,filled_then_reset_trace,67108864,13,4096
22,872505344,629,trace_trial3.csv,cfg10,filled_then_reset_trace,67108864,13,4096
23,872509440,630,trace_trial3.csv,cfg10,filled_then_reset_trace,67108864,13,4096
24,872513536,642,trace_trial3.csv,cfg10,filled_then_reset_trace,67108864,13,4096
25,872517632,592,trace_trial3.csv,cfg10,filled_then_reset_trace,67108864,13,4096
26,872521728,597,trace_trial3.csv,cfg10,filled_then_reset_trace,67108864,13,4096
27,872525824,633,trace_trial3.csv,cfg10,filled_then_reset_trace,67108864,13,4096
28,872529920,603,trace_trial3.csv,cfg10,filled_then_reset_trace,67108864,13,4096
29,872534016,564,trace_trial3.csv,cfg10,filled_then_reset_trace,67108864,13,4096
30,872538112,603,trace_trial3.csv,cfg10,filled_then_reset_trace,67108864,13,4096
31,872542208,560,trace_trial3.csv,cfg10,filled_then_reset_trace,67108864,13,4096
32,872546304,625,trace_trial3.csv,cfg10,filled_then_reset_trace,67108864,13,4096
33,872550400,603,trace_trial3.csv,cfg10,filled_then_reset_trace,67108864,13,4096
34,872554496,582,trace_trial3.csv,cfg10,filled_then_reset_trace,67108864,13,4096
35,872558592,592,trace_trial3.csv,cfg10,filled_then_reset_trace,67108864,13,4096
36,872562688,679,trace_trial3.csv,cfg10,filled_then_reset_trace,67108864,13,4096
37,872566784,604,trace_trial3.csv,cfg10,filled_then_reset_trace,67108864,13,4096
38,872570880,639,trace_trial3.csv,cfg10,filled_then_reset_trace,67108864,13,4096
39,872574976,635,trace_trial3.csv,cfg10,filled_then_reset_trace,67108864,13,4096
40,872579072,631,trace_trial3.csv,cfg10,filled_then_reset_trace,67108864,13,4096
41,872583168,656,trace_trial3.csv,cfg10,filled_then_reset_trace,67108864,13,4096
42,872587264,558,trace_trial3.csv,cfg10,filled_then_reset_trace,67108864,13,4096
43,872591360,628,trace_trial3.csv,cfg10,filled_then_reset_trace,67108864,13,4096
44,872595456,644,trace_trial3.csv,cfg10,filled_then_reset_trace,67108864,13,4096
45,872599552,634,trace_trial3.csv,cfg10,filled_then_reset_trace,67108864,13,4096
46,872603648,641,trace_trial3.csv,cfg10,filled_then_reset_trace,67108864,13,4096
47,872607744,640,trace_trial3.csv,cfg10,filled_then_reset_trace,67108864,13,4096
48,872611840,607,trace_trial3.csv,cfg10,filled_then_reset_trace,67108864,13,4096
49,872615936,642,trace_trial3.csv,cfg10,filled_then_reset_trace,67108864,13,4096
50,872620032,604,trace_trial3.csv,cfg10,filled_then_reset_trace,67108864,13,4096
51,872624128,642,trace_trial3.csv,cfg10,filled_then_reset_trace,67108864,13,4096
52,872628224,642,trace_trial3.csv,cfg10,filled_then_reset_trace,67108864,13,4096
53,872632320,562,trace_trial3.csv,cfg10,filled_then_reset_trace,67108864,13,4096
54,872636416,630,trace_trial3.csv,cfg10,filled_then_reset_trace,67108864,13,4096
55,872640512,637,trace_trial3.csv,cfg10,filled_then_reset_trace,67108864,13,4096
56,872644608,641,trace_trial3.csv,cfg10,filled_then_reset_trace,67108864,13,4096
57,872648704,663,trace_trial3.csv,cfg10,filled_then_reset_trace,67108864,13,4096
58,872652800,644,trace_trial3.csv,cfg10,filled_then_reset_trace,67108864,13,4096
59,872656896,637,trace_trial3.csv,cfg10,filled_then_reset_trace,67108864,13,4096
60,872660992,638,trace_trial3.csv,cfg10,filled_then_reset_trace,67108864,13,4096
61,872665088,638,trace_trial3.csv,cfg10,filled_then_reset_trace,67108864,13,4096
62,872669184,580,trace_trial3.csv,cfg10,filled_then_reset_trace,67108864,13,4096
63,872673280,640,trace_trial3.csv,cfg10,filled_then_reset_trace,67108864,13,4096
64,872677376,639,trace_trial3.csv,cfg10,filled_then_reset_trace,67108864,13,4096
65,872681472,639,trace_trial3.csv,cfg10,filled_then_reset_trace,67108864,13,4096
66,872685568,641,trace_trial3.csv,cfg10,filled_then_reset_trace,67108864,13,4096
67,872689664,641,trace_trial3.csv,cfg10,filled_then_reset_trace,67108864,13,4096
68,872693760,647,trace_trial3.csv,cfg10,filled_then_reset_trace,67108864,13,4096
69,872697856,634,trace_trial3.csv,cfg10,filled_then_reset_trace,67108864,13,4096
70,872701952,644,trace_trial3.csv,cfg10,filled_then_reset_trace,67108864,13,4096
71,872706048,635,trace_trial3.csv,cfg10,filled_then_reset_trace,67108864,13,4096
72,872710144,635,trace_trial3.csv,cfg10,filled_then_reset_trace,67108864,13,4096
73,872714240,573,trace_trial3.csv,cfg10,filled_then_reset_trace,67108864,13,4096
74,872718336,602,trace_trial3.csv,cfg10,filled_then_reset_trace,67108864,13,4096
75,872722432,630,trace_trial3.csv,cfg10,filled_then_reset_trace,67108864,13,4096
76,872726528,635,trace_trial3.csv,cfg10,filled_then_reset_trace,67108864,13,4096
77,872730624,635,trace_trial3.csv,cfg10,filled_then_reset_trace,67108864,13,4096
78,872734720,650,trace_trial3.csv,cfg10,filled_then_reset_trace,67108864,13,4096
79,872738816,641,trace_trial3.csv,cfg10,filled_then_reset_trace,67108864,13,4096
80,872742912,648,trace_trial3.csv,cfg10,filled_then_reset_trace,67108864,13,4096
81,872747008,641,trace_trial3.csv,cfg10,filled_then_reset_trace,67108864,13,4096
82,872751104,640,trace_trial3.csv,cfg10,filled_then_reset_trace,67108864,13,4096
83,872755200,641,trace_trial3.csv,cfg10,filled_then_reset_trace,67108864,13,4096
84,872759296,562,trace_trial3.csv,cfg10,filled_then_reset_trace,67108864,13,4096
85,872763392,630,trace_trial3.csv,cfg10,filled_then_reset_trace,67108864,13,4096
86,872767488,637,trace_trial3.csv,cfg10,filled_then_reset_trace,67108864,13,4096
87,872771584,640,trace_trial3.csv,cfg10,filled_then_reset_trace,67108864,13,4096
88,872775680,639,trace_trial3.csv,cfg10,filled_then_reset_trace,67108864,13,4096
89,872779776,638,trace_trial3.csv,cfg10,filled_then_reset_trace,67108864,13,4096
90,872783872,636,trace_trial3.csv,cfg10,filled_then_reset_trace,67108864,13,4096
91,872787968,636,trace_trial3.csv,cfg10,filled_then_reset_trace,67108864,13,4096
92,872792064,639,trace_trial3.csv,cfg10,filled_then_reset_trace,67108864,13,4096
93,872796160,625,trace_trial3.csv,cfg10,filled_then_reset_trace,67108864,13,4096
94,872800256,645,trace_trial3.csv,cfg10,filled_then_reset_trace,67108864,13,4096
95,872804352,626,trace_trial3.csv,cfg10,filled_then_reset_trace,67108864,13,4096
96,872808448,657,trace_trial3.csv,cfg10,filled_then_reset_trace,67108864,13,4096
97,872812544,642,trace_trial3.csv,cfg10,filled_then_reset_trace,67108864,13,4096
98,872816640,598,trace_trial3.csv,cfg10,filled_then_reset_trace,67108864,13,4096
99,872820736,637,trace_trial3.csv,cfg10,filled_then_reset_trace,67108864,13,4096
100,872824832,643,trace_trial3.csv,cfg10,filled_then_reset_trace,67108864,13,4096
101,872828928,636,trace_trial3.csv,cfg10,filled_then_reset_trace,67108864,13,4096
102,872833024,642,trace_trial3.csv,cfg10,filled_then_reset_trace,67108864,13,4096
103,872837120,639,trace_trial3.csv,cfg10,filled_then_reset_trace,67108864,13,4096
104,872841216,641,trace_trial3.csv,cfg10,filled_then_reset_trace,67108864,13,4096
105,872845312,635,trace_trial3.csv,cfg10,filled_then_reset_trace,67108864,13,4096
106,872849408,638,trace_trial3.csv,cfg10,filled_then_reset_trace,67108864,13,4096
107,872853504,573,trace_trial3.csv,cfg10,filled_then_reset_trace,67108864,13,4096
108,872857600,637,trace_trial3.csv,cfg10,filled_then_reset_trace,67108864,13,4096
109,872861696,639,trace_trial3.csv,cfg10,filled_then_reset_trace,67108864,13,4096
110,872865792,641,trace_trial3.csv,cfg10,filled_then_reset_trace,67108864,13,4096
111,872869888,613,trace_trial3.csv,cfg10,filled_then_reset_trace,67108864,13,4096
112,872873984,642,trace_trial3.csv,cfg10,filled_then_reset_trace,67108864,13,4096
113,872878080,634,trace_trial3.csv,cfg10,filled_then_reset_trace,67108864,13,4096
114,872882176,642,trace_trial3.csv,cfg10,filled_then_reset_trace,67108864,13,4096
115,872886272,635,trace_trial3.csv,cfg10,filled_then_reset_trace,67108864,13,4096
116,872890368,640,trace_trial3.csv,cfg10,filled_then_reset_trace,67108864,13,4096
117,872894464,638,trace_trial3.csv,cfg10,filled_then_reset_trace,67108864,13,4096
118,872898560,573,trace_trial3.csv,cfg10,filled_then_reset_trace,67108864,13,4096
119,872902656,642,trace_trial3.csv,cfg10,filled_then_reset_trace,67108864,13,4096
120,872906752,649,trace_trial3.csv,cfg10,filled_then_reset_trace,67108864,13,4096
121,872910848,634,trace_trial3.csv,cfg10,filled_then_reset_trace,67108864,13,4096
122,872914944,638,trace_trial3.csv,cfg10,filled_then_reset_trace,67108864,13,4096
123,872919040,633,trace_trial3.csv,cfg10,filled_then_reset_trace,67108864,13,4096
124,872923136,638,trace_trial3.csv,cfg10,filled_then_reset_trace,67108864,13,4096
125,872927232,638,trace_trial3.csv,cfg10,filled_then_reset_trace,67108864,13,4096
126,872931328,639,trace_trial3.csv,cfg10,filled_then_reset_trace,67108864,13,4096
127,872935424,640,trace_trial3.csv,cfg10,filled_then_reset_trace,67108864,13,4096
128,872939520,637,trace_trial3.csv,cfg10,filled_then_reset_trace,67108864,13,4096
129,872943616,648,trace_trial3.csv,cfg10,filled_then_reset_trace,67108864,13,4096
130,872947712,642,trace_trial3.csv,cfg10,filled_then_reset_trace,67108864,13,4096
131,872951808,642,trace_trial3.csv,cfg10,filled_then_reset_trace,67108864,13,4096
132,872955904,636,trace_trial3.csv,cfg10,filled_then_reset_trace,67108864,13,4096
133,872960000,641,trace_trial3.csv,cfg10,filled_then_reset_trace,67108864,13,4096
134,872964096,646,trace_trial3.csv,cfg10,filled_then_reset_trace,67108864,13,4096
135,872968192,640,trace_trial3.csv,cfg10,filled_then_reset_trace,67108864,13,4096
136,872972288,635,trace_trial3.csv,cfg10,filled_then_reset_trace,67108864,13,4096
137,872976384,635,trace_trial3.csv,cfg10,filled_then_reset_trace,67108864,13,4096
138,872980480,573,trace_trial3.csv,cfg10,filled_then_reset_trace,67108864,13,4096
139,872984576,643,trace_trial3.csv,cfg10,filled_then_reset_trace,67108864,13,4096
140,872988672,640,trace_trial3.csv,cfg10,filled_then_reset_trace,67108864,13,4096
141,872992768,637,trace_trial3.csv,cfg10,filled_then_reset_trace,67108864,13,4096
142,872996864,658,trace_trial3.csv,cfg10,filled_then_reset_trace,67108864,13,4096
143,873000960,661,trace_trial3.csv,cfg10,filled_then_reset_trace,67108864,13,4096
144,873005056,639,trace_trial3.csv,cfg10,filled_then_reset_trace,67108864,13,4096
145,873009152,640,trace_trial3.csv,cfg10,filled_then_reset_trace,67108864,13,4096
146,873013248,644,trace_trial3.csv,cfg10,filled_then_reset_trace,67108864,13,4096
147,873017344,622,trace_trial3.csv,cfg10,filled_then_reset_trace,67108864,13,4096
148,873021440,643,trace_trial3.csv,cfg10,filled_then_reset_trace,67108864,13,4096
149,873025536,631,trace_trial3.csv,cfg10,filled_then_reset_trace,67108864,13,4096
150,873029632,647,trace_trial3.csv,cfg10,filled_then_reset_trace,67108864,13,4096
151,873033728,638,trace_trial3.csv,cfg10,filled_then_reset_trace,67108864,13,4096
152,873037824,639,trace_trial3.csv,cfg10,filled_then_reset_trace,67108864,13,4096
153,873041920,635,trace_trial3.csv,cfg10,filled_then_reset_trace,67108864,13,4096
154,873046016,652,trace_trial3.csv,cfg10,filled_then_reset_trace,67108864,13,4096
155,873050112,603,trace_trial3.csv,cfg10,filled_then_reset_trace,67108864,13,4096
156,873054208,640,trace_trial3.csv,cfg10,filled_then_reset_trace,67108864,13,4096
157,873058304,635,trace_trial3.csv,cfg10,filled_then_reset_trace,67108864,13,4096
158,873062400,572,trace_trial3.csv,cfg10,filled_then_reset_trace,67108864,13,4096
159,873066496,636,trace_trial3.csv,cfg10,filled_then_reset_trace,67108864,13,4096
160,873070592,638,trace_trial3.csv,cfg10,filled_then_reset_trace,67108864,13,4096
161,873074688,620,trace_trial3.csv,cfg10,filled_then_reset_trace,67108864,13,4096
162,873078784,632,trace_trial3.csv,cfg10,filled_then_reset_trace,67108864,13,4096
163,873082880,652,trace_trial3.csv,cfg10,filled_then_reset_trace,67108864,13,4096
164,873086976,645,trace_trial3.csv,cfg10,filled_then_reset_trace,67108864,13,4096
165,873091072,640,trace_trial3.csv,cfg10,filled_then_reset_trace,67108864,13,4096
166,873095168,567,trace_trial3.csv,cfg10,filled_then_reset_trace,67108864,13,4096
167,873099264,636,trace_trial3.csv,cfg10,filled_then_reset_trace,67108864,13,4096
168,873103360,644,trace_trial3.csv,cfg10,filled_then_reset_trace,67108864,13,4096
169,873107456,601,trace_trial3.csv,cfg10,filled_then_reset_trace,67108864,13,4096
170,873111552,644,trace_trial3.csv,cfg10,filled_then_reset_trace,67108864,13,4096
171,873115648,640,trace_trial3.csv,cfg10,filled_then_reset_trace,67108864,13,4096
172,873119744,637,trace_trial3.csv,cfg10,filled_then_reset_trace,67108864,13,4096
173,873123840,636,trace_trial3.csv,cfg10,filled_then_reset_trace,67108864,13,4096
174,873127936,638,trace_trial3.csv,cfg10,filled_then_reset_trace,67108864,13,4096
175,873132032,616,trace_trial3.csv,cfg10,filled_then_reset_trace,67108864,13,4096
176,873136128,640,trace_trial3.csv,cfg10,filled_then_reset_trace,67108864,13,4096
177,873140224,685,trace_trial3.csv,cfg10,filled_then_reset_trace,67108864,13,4096
178,873144320,638,trace_trial3.csv,cfg10,filled_then_reset_trace,67108864,13,4096
179,873148416,645,trace_trial3.csv,cfg10,filled_then_reset_trace,67108864,13,4096
180,873152512,644,trace_trial3.csv,cfg10,filled_then_reset_trace,67108864,13,4096
181,873156608,644,trace_trial3.csv,cfg10,filled_then_reset_trace,67108864,13,4096
182,873160704,637,trace_trial3.csv,cfg10,filled_then_reset_trace,67108864,13,4096
183,873164800,563,trace_trial3.csv,cfg10,filled_then_reset_trace,67108864,13,4096
184,873168896,640,trace_trial3.csv,cfg10,filled_then_reset_trace,67108864,13,4096
185,873172992,638,trace_trial3.csv,cfg10,filled_then_reset_trace,67108864,13,4096
186,873177088,642,trace_trial3.csv,cfg10,filled_then_reset_trace,67108864,13,4096
187,873181184,639,trace_trial3.csv,cfg10,filled_then_reset_trace,67108864,13,4096
188,873185280,640,trace_trial3.csv,cfg10,filled_then_reset_trace,67108864,13,4096
189,873189376,646,trace_trial3.csv,cfg10,filled_then_reset_trace,67108864,13,4096
190,873193472,639,trace_trial3.csv,cfg10,filled_then_reset_trace,67108864,13,4096
191,873197568,638,trace_trial3.csv,cfg10,filled_then_reset_trace,67108864,13,4096
192,873201664,583,trace_trial3.csv,cfg10,filled_then_reset_trace,67108864,13,4096
193,873205760,643,trace_trial3.csv,cfg10,filled_then_reset_trace,67108864,13,4096
194,873209856,634,trace_trial3.csv,cfg10,filled_then_reset_trace,67108864,13,4096
195,873213952,641,trace_trial3.csv,cfg10,filled_then_reset_trace,67108864,13,4096
196,873218048,633,trace_trial3.csv,cfg10,filled_then_reset_trace,67108864,13,4096
197,873222144,643,trace_trial3.csv,cfg10,filled_then_reset_trace,67108864,13,4096
198,873226240,669,trace_trial3.csv,cfg10,filled_then_reset_trace,67108864,13,4096
199,873230336,634,trace_trial3.csv,cfg10,filled_then_reset_trace,67108864,13,4096
200,873234432,638,trace_trial3.csv,cfg10,filled_then_reset_trace,67108864,13,4096
201,873238528,638,trace_trial3.csv,cfg10,filled_then_reset_trace,67108864,13,4096
202,873242624,646,trace_trial3.csv,cfg10,filled_then_reset_trace,67108864,13,4096
203,873246720,565,trace_trial3.csv,cfg10,filled_then_reset_trace,67108864,13,4096
204,873250816,631,trace_trial3.csv,cfg10,filled_then_reset_trace,67108864,13,4096
205,873254912,644,trace_trial3.csv,cfg10,filled_then_reset_trace,67108864,13,4096
206,873259008,627,trace_trial3.csv,cfg10,filled_then_reset_trace,67108864,13,4096
207,873263104,642,trace_trial3.csv,cfg10,filled_then_reset_trace,67108864,13,4096
208,873267200,638,trace_trial3.csv,cfg10,filled_then_reset_trace,67108864,13,4096
209,873271296,637,trace_trial3.csv,cfg10,filled_then_reset_trace,67108864,13,4096
210,873275392,639,trace_trial3.csv,cfg10,filled_then_reset_trace,67108864,13,4096
211,873279488,640,trace_trial3.csv,cfg10,filled_then_reset_trace,67108864,13,4096
212,873283584,639,trace_trial3.csv,cfg10,filled_then_reset_trace,67108864,13,4096
213,873287680,636,trace_trial3.csv,cfg10,filled_then_reset_trace,67108864,13,4096
214,873291776,637,trace_trial3.csv,cfg10,filled_then_reset_trace,67108864,13,4096
215,873295872,640,trace_trial3.csv,cfg10,filled_then_reset_trace,67108864,13,4096
216,873299968,635,trace_trial3.csv,cfg10,filled_then_reset_trace,67108864,13,4096
217,873304064,638,trace_trial3.csv,cfg10,filled_then_reset_trace,67108864,13,4096
218,873308160,657,trace_trial3.csv,cfg10,filled_then_reset_trace,67108864,13,4096
219,873312256,651,trace_trial3.csv,cfg10,filled_then_reset_trace,67108864,13,4096
220,873316352,639,trace_trial3.csv,cfg10,filled_then_reset_trace,67108864,13,4096
221,873320448,640,trace_trial3.csv,cfg10,filled_then_reset_trace,67108864,13,4096
222,873324544,635,trace_trial3.csv,cfg10,filled_then_reset_trace,67108864,13,4096
223,873328640,576,trace_trial3.csv,cfg10,filled_then_reset_trace,67108864,13,4096
224,873332736,646,trace_trial3.csv,cfg10,filled_then_reset_trace,67108864,13,4096
225,873336832,636,trace_trial3.csv,cfg10,filled_then_reset_trace,67108864,13,4096
226,873340928,642,trace_trial3.csv,cfg10,filled_then_reset_trace,67108864,13,4096
227,873345024,637,trace_trial3.csv,cfg10,filled_then_reset_trace,67108864,13,4096
228,873349120,643,trace_trial3.csv,cfg10,filled_then_reset_trace,67108864,13,4096
229,873353216,637,trace_trial3.csv,cfg10,filled_then_reset_trace,67108864,13,4096
230,873357312,638,trace_trial3.csv,cfg10,filled_then_reset_trace,67108864,13,4096
231,873361408,635,trace_trial3.csv,cfg10,filled_then_reset_trace,67108864,13,4096
232,873365504,641,trace_trial3.csv,cfg10,filled_then_reset_trace,67108864,13,4096
233,873369600,638,trace_trial3.csv,cfg10,filled_then_reset_trace,67108864,13,4096
234,873373696,640,trace_trial3.csv,cfg10,filled_then_reset_trace,67108864,13,4096
235,873377792,642,trace_trial3.csv,cfg10,filled_then_reset_trace,67108864,13,4096
236,873381888,639,trace_trial3.csv,cfg10,filled_then_reset_trace,67108864,13,4096
237,873385984,640,trace_trial3.csv,cfg10,filled_then_reset_trace,67108864,13,4096
238,873390080,641,trace_trial3.csv,cfg10,filled_then_reset_trace,67108864,13,4096
239,873394176,647,trace_trial3.csv,cfg10,filled_then_reset_trace,67108864,13,4096
240,873398272,642,trace_trial3.csv,cfg10,filled_then_reset_trace,67108864,13,4096
241,873402368,643,trace_trial3.csv,cfg10,filled_then_reset_trace,67108864,13,4096
242,873406464,635,trace_trial3.csv,cfg10,filled_then_reset_trace,67108864,13,4096
243,873410560,572,trace_trial3.csv,cfg10,filled_then_reset_trace,67108864,13,4096
244,873414656,644,trace_trial3.csv,cfg10,filled_then_reset_trace,67108864,13,4096
245,873418752,638,trace_trial3.csv,cfg10,filled_then_reset_trace,67108864,13,4096
246,873422848,637,trace_trial3.csv,cfg10,filled_then_reset_trace,67108864,13,4096
247,873426944,637,trace_trial3.csv,cfg10,filled_then_reset_trace,67108864,13,4096
248,873431040,639,trace_trial3.csv,cfg10,filled_then_reset_trace,67108864,13,4096
249,873435136,642,trace_trial3.csv,cfg10,filled_then_reset_trace,67108864,13,4096
250,873439232,598,trace_trial3.csv,cfg10,filled_then_reset_trace,67108864,13,4096
251,873443328,639,trace_trial3.csv,cfg10,filled_then_reset_trace,67108864,13,4096
252,873447424,641,trace_trial3.csv,cfg10,filled_then_reset_trace,67108864,13,4096
253,873451520,638,trace_trial3.csv,cfg10,filled_then_reset_trace,67108864,13,4096
254,873455616,562,trace_trial3.csv,cfg10,filled_then_reset_trace,67108864,13,4096
255,873459712,633,trace_trial3.csv,cfg10,filled_then_reset_trace,67108864,13,4096
0,872415232,875,trace_trial4.csv,cfg10,filled_then_reset_trace,67108864,13,4096
1,872419328,580,trace_trial4.csv,cfg10,filled_then_reset_trace,67108864,13,4096
2,872423424,593,trace_trial4.csv,cfg10,filled_then_reset_trace,67108864,13,4096
3,872427520,557,trace_trial4.csv,cfg10,filled_then_reset_trace,67108864,13,4096
4,872431616,634,trace_trial4.csv,cfg10,filled_then_reset_trace,67108864,13,4096
5,872435712,592,trace_trial4.csv,cfg10,filled_then_reset_trace,67108864,13,4096
6,872439808,593,trace_trial4.csv,cfg10,filled_then_reset_trace,67108864,13,4096
7,872443904,593,trace_trial4.csv,cfg10,filled_then_reset_trace,67108864,13,4096
8,872448000,653,trace_trial4.csv,cfg10,filled_then_reset_trace,67108864,13,4096
9,872452096,593,trace_trial4.csv,cfg10,filled_then_reset_trace,67108864,13,4096
10,872456192,578,trace_trial4.csv,cfg10,filled_then_reset_trace,67108864,13,4096
11,872460288,590,trace_trial4.csv,cfg10,filled_then_reset_trace,67108864,13,4096
12,872464384,591,trace_trial4.csv,cfg10,filled_then_reset_trace,67108864,13,4096
13,872468480,651,trace_trial4.csv,cfg10,filled_then_reset_trace,67108864,13,4096
14,872472576,580,trace_trial4.csv,cfg10,filled_then_reset_trace,67108864,13,4096
15,872476672,592,trace_trial4.csv,cfg10,filled_then_reset_trace,67108864,13,4096
16,872480768,559,trace_trial4.csv,cfg10,filled_then_reset_trace,67108864,13,4096
17,872484864,603,trace_trial4.csv,cfg10,filled_then_reset_trace,67108864,13,4096
18,872488960,591,trace_trial4.csv,cfg10,filled_then_reset_trace,67108864,13,4096
19,872493056,584,trace_trial4.csv,cfg10,filled_then_reset_trace,67108864,13,4096
20,872497152,593,trace_trial4.csv,cfg10,filled_then_reset_trace,67108864,13,4096
21,872501248,558,trace_trial4.csv,cfg10,filled_then_reset_trace,67108864,13,4096
22,872505344,587,trace_trial4.csv,cfg10,filled_then_reset_trace,67108864,13,4096
23,872509440,628,trace_trial4.csv,cfg10,filled_then_reset_trace,67108864,13,4096
24,872513536,591,trace_trial4.csv,cfg10,filled_then_reset_trace,67108864,13,4096
25,872517632,594,trace_trial4.csv,cfg10,filled_then_reset_trace,67108864,13,4096
26,872521728,565,trace_trial4.csv,cfg10,filled_then_reset_trace,67108864,13,4096
27,872525824,587,trace_trial4.csv,cfg10,filled_then_reset_trace,67108864,13,4096
28,872529920,591,trace_trial4.csv,cfg10,filled_then_reset_trace,67108864,13,4096
29,872534016,572,trace_trial4.csv,cfg10,filled_then_reset_trace,67108864,13,4096
30,872538112,557,trace_trial4.csv,cfg10,filled_then_reset_trace,67108864,13,4096
31,872542208,591,trace_trial4.csv,cfg10,filled_then_reset_trace,67108864,13,4096
32,872546304,644,trace_trial4.csv,cfg10,filled_then_reset_trace,67108864,13,4096
33,872550400,593,trace_trial4.csv,cfg10,filled_then_reset_trace,67108864,13,4096
34,872554496,567,trace_trial4.csv,cfg10,filled_then_reset_trace,67108864,13,4096
35,872558592,596,trace_trial4.csv,cfg10,filled_then_reset_trace,67108864,13,4096
36,872562688,560,trace_trial4.csv,cfg10,filled_then_reset_trace,67108864,13,4096
37,872566784,633,trace_trial4.csv,cfg10,filled_then_reset_trace,67108864,13,4096
38,872570880,637,trace_trial4.csv,cfg10,filled_then_reset_trace,67108864,13,4096
39,872574976,567,trace_trial4.csv,cfg10,filled_then_reset_trace,67108864,13,4096
40,872579072,590,trace_trial4.csv,cfg10,filled_then_reset_trace,67108864,13,4096
41,872583168,650,trace_trial4.csv,cfg10,filled_then_reset_trace,67108864,13,4096
42,872587264,592,trace_trial4.csv,cfg10,filled_then_reset_trace,67108864,13,4096
43,872591360,626,trace_trial4.csv,cfg10,filled_then_reset_trace,67108864,13,4096
44,872595456,596,trace_trial4.csv,cfg10,filled_then_reset_trace,67108864,13,4096
45,872599552,594,trace_trial4.csv,cfg10,filled_then_reset_trace,67108864,13,4096
46,872603648,594,trace_trial4.csv,cfg10,filled_then_reset_trace,67108864,13,4096
47,872607744,583,trace_trial4.csv,cfg10,filled_then_reset_trace,67108864,13,4096
48,872611840,592,trace_trial4.csv,cfg10,filled_then_reset_trace,67108864,13,4096
49,872615936,557,trace_trial4.csv,cfg10,filled_then_reset_trace,67108864,13,4096
50,872620032,633,trace_trial4.csv,cfg10,filled_then_reset_trace,67108864,13,4096
51,872624128,603,trace_trial4.csv,cfg10,filled_then_reset_trace,67108864,13,4096
52,872628224,606,trace_trial4.csv,cfg10,filled_then_reset_trace,67108864,13,4096
53,872632320,590,trace_trial4.csv,cfg10,filled_then_reset_trace,67108864,13,4096
54,872636416,657,trace_trial4.csv,cfg10,filled_then_reset_trace,67108864,13,4096
55,872640512,591,trace_trial4.csv,cfg10,filled_then_reset_trace,67108864,13,4096
56,872644608,582,trace_trial4.csv,cfg10,filled_then_reset_trace,67108864,13,4096
57,872648704,599,trace_trial4.csv,cfg10,filled_then_reset_trace,67108864,13,4096
58,872652800,598,trace_trial4.csv,cfg10,filled_then_reset_trace,67108864,13,4096
59,872656896,595,trace_trial4.csv,cfg10,filled_then_reset_trace,67108864,13,4096
60,872660992,604,trace_trial4.csv,cfg10,filled_then_reset_trace,67108864,13,4096
61,872665088,594,trace_trial4.csv,cfg10,filled_then_reset_trace,67108864,13,4096
62,872669184,605,trace_trial4.csv,cfg10,filled_then_reset_trace,67108864,13,4096
63,872673280,605,trace_trial4.csv,cfg10,filled_then_reset_trace,67108864,13,4096
64,872677376,640,trace_trial4.csv,cfg10,filled_then_reset_trace,67108864,13,4096
65,872681472,571,trace_trial4.csv,cfg10,filled_then_reset_trace,67108864,13,4096
66,872685568,595,trace_trial4.csv,cfg10,filled_then_reset_trace,67108864,13,4096
67,872689664,595,trace_trial4.csv,cfg10,filled_then_reset_trace,67108864,13,4096
68,872693760,594,trace_trial4.csv,cfg10,filled_then_reset_trace,67108864,13,4096
69,872697856,598,trace_trial4.csv,cfg10,filled_then_reset_trace,67108864,13,4096
70,872701952,597,trace_trial4.csv,cfg10,filled_then_reset_trace,67108864,13,4096
71,872706048,595,trace_trial4.csv,cfg10,filled_then_reset_trace,67108864,13,4096
72,872710144,594,trace_trial4.csv,cfg10,filled_then_reset_trace,67108864,13,4096
73,872714240,596,trace_trial4.csv,cfg10,filled_then_reset_trace,67108864,13,4096
74,872718336,617,trace_trial4.csv,cfg10,filled_then_reset_trace,67108864,13,4096
75,872722432,596,trace_trial4.csv,cfg10,filled_then_reset_trace,67108864,13,4096
76,872726528,595,trace_trial4.csv,cfg10,filled_then_reset_trace,67108864,13,4096
77,872730624,596,trace_trial4.csv,cfg10,filled_then_reset_trace,67108864,13,4096
78,872734720,583,trace_trial4.csv,cfg10,filled_then_reset_trace,67108864,13,4096
79,872738816,597,trace_trial4.csv,cfg10,filled_then_reset_trace,67108864,13,4096
80,872742912,559,trace_trial4.csv,cfg10,filled_then_reset_trace,67108864,13,4096
81,872747008,592,trace_trial4.csv,cfg10,filled_then_reset_trace,67108864,13,4096
82,872751104,598,trace_trial4.csv,cfg10,filled_then_reset_trace,67108864,13,4096
83,872755200,596,trace_trial4.csv,cfg10,filled_then_reset_trace,67108864,13,4096
84,872759296,596,trace_trial4.csv,cfg10,filled_then_reset_trace,67108864,13,4096
85,872763392,594,trace_trial4.csv,cfg10,filled_then_reset_trace,67108864,13,4096
86,872767488,598,trace_trial4.csv,cfg10,filled_then_reset_trace,67108864,13,4096
87,872771584,596,trace_trial4.csv,cfg10,filled_then_reset_trace,67108864,13,4096
88,872775680,598,trace_trial4.csv,cfg10,filled_then_reset_trace,67108864,13,4096
89,872779776,596,trace_trial4.csv,cfg10,filled_then_reset_trace,67108864,13,4096
90,872783872,566,trace_trial4.csv,cfg10,filled_then_reset_trace,67108864,13,4096
91,872787968,594,trace_trial4.csv,cfg10,filled_then_reset_trace,67108864,13,4096
92,872792064,594,trace_trial4.csv,cfg10,filled_then_reset_trace,67108864,13,4096
93,872796160,626,trace_trial4.csv,cfg10,filled_then_reset_trace,67108864,13,4096
94,872800256,596,trace_trial4.csv,cfg10,filled_then_reset_trace,67108864,13,4096
95,872804352,596,trace_trial4.csv,cfg10,filled_then_reset_trace,67108864,13,4096
96,872808448,599,trace_trial4.csv,cfg10,filled_then_reset_trace,67108864,13,4096
97,872812544,594,trace_trial4.csv,cfg10,filled_then_reset_trace,67108864,13,4096
98,872816640,596,trace_trial4.csv,cfg10,filled_then_reset_trace,67108864,13,4096
99,872820736,595,trace_trial4.csv,cfg10,filled_then_reset_trace,67108864,13,4096
100,872824832,596,trace_trial4.csv,cfg10,filled_then_reset_trace,67108864,13,4096
101,872828928,595,trace_trial4.csv,cfg10,filled_then_reset_trace,67108864,13,4096
102,872833024,600,trace_trial4.csv,cfg10,filled_then_reset_trace,67108864,13,4096
103,872837120,564,trace_trial4.csv,cfg10,filled_then_reset_trace,67108864,13,4096
104,872841216,593,trace_trial4.csv,cfg10,filled_then_reset_trace,67108864,13,4096
105,872845312,595,trace_trial4.csv,cfg10,filled_then_reset_trace,67108864,13,4096
106,872849408,602,trace_trial4.csv,cfg10,filled_then_reset_trace,67108864,13,4096
107,872853504,597,trace_trial4.csv,cfg10,filled_then_reset_trace,67108864,13,4096
108,872857600,597,trace_trial4.csv,cfg10,filled_then_reset_trace,67108864,13,4096
109,872861696,595,trace_trial4.csv,cfg10,filled_then_reset_trace,67108864,13,4096
110,872865792,596,trace_trial4.csv,cfg10,filled_then_reset_trace,67108864,13,4096
111,872869888,595,trace_trial4.csv,cfg10,filled_then_reset_trace,67108864,13,4096
112,872873984,604,trace_trial4.csv,cfg10,filled_then_reset_trace,67108864,13,4096
113,872878080,586,trace_trial4.csv,cfg10,filled_then_reset_trace,67108864,13,4096
114,872882176,596,trace_trial4.csv,cfg10,filled_then_reset_trace,67108864,13,4096
115,872886272,597,trace_trial4.csv,cfg10,filled_then_reset_trace,67108864,13,4096
116,872890368,598,trace_trial4.csv,cfg10,filled_then_reset_trace,67108864,13,4096
117,872894464,598,trace_trial4.csv,cfg10,filled_then_reset_trace,67108864,13,4096
118,872898560,596,trace_trial4.csv,cfg10,filled_then_reset_trace,67108864,13,4096
119,872902656,595,trace_trial4.csv,cfg10,filled_then_reset_trace,67108864,13,4096
120,872906752,597,trace_trial4.csv,cfg10,filled_then_reset_trace,67108864,13,4096
121,872910848,594,trace_trial4.csv,cfg10,filled_then_reset_trace,67108864,13,4096
122,872914944,595,trace_trial4.csv,cfg10,filled_then_reset_trace,67108864,13,4096
123,872919040,596,trace_trial4.csv,cfg10,filled_then_reset_trace,67108864,13,4096
124,872923136,595,trace_trial4.csv,cfg10,filled_then_reset_trace,67108864,13,4096
125,872927232,594,trace_trial4.csv,cfg10,filled_then_reset_trace,67108864,13,4096
126,872931328,578,trace_trial4.csv,cfg10,filled_then_reset_trace,67108864,13,4096
127,872935424,597,trace_trial4.csv,cfg10,filled_then_reset_trace,67108864,13,4096
128,872939520,597,trace_trial4.csv,cfg10,filled_then_reset_trace,67108864,13,4096
129,872943616,599,trace_trial4.csv,cfg10,filled_then_reset_trace,67108864,13,4096
130,872947712,596,trace_trial4.csv,cfg10,filled_then_reset_trace,67108864,13,4096
131,872951808,597,trace_trial4.csv,cfg10,filled_then_reset_trace,67108864,13,4096
132,872955904,594,trace_trial4.csv,cfg10,filled_then_reset_trace,67108864,13,4096
133,872960000,597,trace_trial4.csv,cfg10,filled_then_reset_trace,67108864,13,4096
134,872964096,594,trace_trial4.csv,cfg10,filled_then_reset_trace,67108864,13,4096
135,872968192,597,trace_trial4.csv,cfg10,filled_then_reset_trace,67108864,13,4096
136,872972288,569,trace_trial4.csv,cfg10,filled_then_reset_trace,67108864,13,4096
137,872976384,591,trace_trial4.csv,cfg10,filled_then_reset_trace,67108864,13,4096
138,872980480,596,trace_trial4.csv,cfg10,filled_then_reset_trace,67108864,13,4096
139,872984576,594,trace_trial4.csv,cfg10,filled_then_reset_trace,67108864,13,4096
140,872988672,597,trace_trial4.csv,cfg10,filled_then_reset_trace,67108864,13,4096
141,872992768,595,trace_trial4.csv,cfg10,filled_then_reset_trace,67108864,13,4096
142,872996864,596,trace_trial4.csv,cfg10,filled_then_reset_trace,67108864,13,4096
143,873000960,598,trace_trial4.csv,cfg10,filled_then_reset_trace,67108864,13,4096
144,873005056,597,trace_trial4.csv,cfg10,filled_then_reset_trace,67108864,13,4096
145,873009152,603,trace_trial4.csv,cfg10,filled_then_reset_trace,67108864,13,4096
146,873013248,602,trace_trial4.csv,cfg10,filled_then_reset_trace,67108864,13,4096
147,873017344,595,trace_trial4.csv,cfg10,filled_then_reset_trace,67108864,13,4096
148,873021440,616,trace_trial4.csv,cfg10,filled_then_reset_trace,67108864,13,4096
149,873025536,571,trace_trial4.csv,cfg10,filled_then_reset_trace,67108864,13,4096
150,873029632,595,trace_trial4.csv,cfg10,filled_then_reset_trace,67108864,13,4096
151,873033728,594,trace_trial4.csv,cfg10,filled_then_reset_trace,67108864,13,4096
152,873037824,602,trace_trial4.csv,cfg10,filled_then_reset_trace,67108864,13,4096
153,873041920,595,trace_trial4.csv,cfg10,filled_then_reset_trace,67108864,13,4096
154,873046016,597,trace_trial4.csv,cfg10,filled_then_reset_trace,67108864,13,4096
155,873050112,598,trace_trial4.csv,cfg10,filled_then_reset_trace,67108864,13,4096
156,873054208,597,trace_trial4.csv,cfg10,filled_then_reset_trace,67108864,13,4096
157,873058304,597,trace_trial4.csv,cfg10,filled_then_reset_trace,67108864,13,4096
158,873062400,596,trace_trial4.csv,cfg10,filled_then_reset_trace,67108864,13,4096
159,873066496,558,trace_trial4.csv,cfg10,filled_then_reset_trace,67108864,13,4096
160,873070592,590,trace_trial4.csv,cfg10,filled_then_reset_trace,67108864,13,4096
161,873074688,599,trace_trial4.csv,cfg10,filled_then_reset_trace,67108864,13,4096
162,873078784,598,trace_trial4.csv,cfg10,filled_then_reset_trace,67108864,13,4096
163,873082880,597,trace_trial4.csv,cfg10,filled_then_reset_trace,67108864,13,4096
164,873086976,596,trace_trial4.csv,cfg10,filled_then_reset_trace,67108864,13,4096
165,873091072,596,trace_trial4.csv,cfg10,filled_then_reset_trace,67108864,13,4096
166,873095168,599,trace_trial4.csv,cfg10,filled_then_reset_trace,67108864,13,4096
167,873099264,600,trace_trial4.csv,cfg10,filled_then_reset_trace,67108864,13,4096
168,873103360,594,trace_trial4.csv,cfg10,filled_then_reset_trace,67108864,13,4096
169,873107456,625,trace_trial4.csv,cfg10,filled_then_reset_trace,67108864,13,4096
170,873111552,594,trace_trial4.csv,cfg10,filled_then_reset_trace,67108864,13,4096
171,873115648,613,trace_trial4.csv,cfg10,filled_then_reset_trace,67108864,13,4096
172,873119744,571,trace_trial4.csv,cfg10,filled_then_reset_trace,67108864,13,4096
173,873123840,596,trace_trial4.csv,cfg10,filled_then_reset_trace,67108864,13,4096
174,873127936,595,trace_trial4.csv,cfg10,filled_then_reset_trace,67108864,13,4096
175,873132032,601,trace_trial4.csv,cfg10,filled_then_reset_trace,67108864,13,4096
176,873136128,598,trace_trial4.csv,cfg10,filled_then_reset_trace,67108864,13,4096
177,873140224,594,trace_trial4.csv,cfg10,filled_then_reset_trace,67108864,13,4096
178,873144320,596,trace_trial4.csv,cfg10,filled_then_reset_trace,67108864,13,4096
179,873148416,597,trace_trial4.csv,cfg10,filled_then_reset_trace,67108864,13,4096
180,873152512,597,trace_trial4.csv,cfg10,filled_then_reset_trace,67108864,13,4096
181,873156608,599,trace_trial4.csv,cfg10,filled_then_reset_trace,67108864,13,4096
182,873160704,567,trace_trial4.csv,cfg10,filled_then_reset_trace,67108864,13,4096
183,873164800,592,trace_trial4.csv,cfg10,filled_then_reset_trace,67108864,13,4096
184,873168896,596,trace_trial4.csv,cfg10,filled_then_reset_trace,67108864,13,4096
185,873172992,594,trace_trial4.csv,cfg10,filled_then_reset_trace,67108864,13,4096
186,873177088,598,trace_trial4.csv,cfg10,filled_then_reset_trace,67108864,13,4096
187,873181184,594,trace_trial4.csv,cfg10,filled_then_reset_trace,67108864,13,4096
188,873185280,597,trace_trial4.csv,cfg10,filled_then_reset_trace,67108864,13,4096
189,873189376,595,trace_trial4.csv,cfg10,filled_then_reset_trace,67108864,13,4096
190,873193472,602,trace_trial4.csv,cfg10,filled_then_reset_trace,67108864,13,4096
191,873197568,594,trace_trial4.csv,cfg10,filled_then_reset_trace,67108864,13,4096
192,873201664,610,trace_trial4.csv,cfg10,filled_then_reset_trace,67108864,13,4096
193,873205760,594,trace_trial4.csv,cfg10,filled_then_reset_trace,67108864,13,4096
194,873209856,616,trace_trial4.csv,cfg10,filled_then_reset_trace,67108864,13,4096
195,873213952,571,trace_trial4.csv,cfg10,filled_then_reset_trace,67108864,13,4096
196,873218048,596,trace_trial4.csv,cfg10,filled_then_reset_trace,67108864,13,4096
197,873222144,598,trace_trial4.csv,cfg10,filled_then_reset_trace,67108864,13,4096
198,873226240,602,trace_trial4.csv,cfg10,filled_then_reset_trace,67108864,13,4096
199,873230336,596,trace_trial4.csv,cfg10,filled_then_reset_trace,67108864,13,4096
200,873234432,594,trace_trial4.csv,cfg10,filled_then_reset_trace,67108864,13,4096
201,873238528,595,trace_trial4.csv,cfg10,filled_then_reset_trace,67108864,13,4096
202,873242624,594,trace_trial4.csv,cfg10,filled_then_reset_trace,67108864,13,4096
203,873246720,597,trace_trial4.csv,cfg10,filled_then_reset_trace,67108864,13,4096
204,873250816,593,trace_trial4.csv,cfg10,filled_then_reset_trace,67108864,13,4096
205,873254912,559,trace_trial4.csv,cfg10,filled_then_reset_trace,67108864,13,4096
206,873259008,591,trace_trial4.csv,cfg10,filled_then_reset_trace,67108864,13,4096
207,873263104,597,trace_trial4.csv,cfg10,filled_then_reset_trace,67108864,13,4096
208,873267200,597,trace_trial4.csv,cfg10,filled_then_reset_trace,67108864,13,4096
209,873271296,596,trace_trial4.csv,cfg10,filled_then_reset_trace,67108864,13,4096
210,873275392,597,trace_trial4.csv,cfg10,filled_then_reset_trace,67108864,13,4096
211,873279488,594,trace_trial4.csv,cfg10,filled_then_reset_trace,67108864,13,4096
212,873283584,597,trace_trial4.csv,cfg10,filled_then_reset_trace,67108864,13,4096
213,873287680,595,trace_trial4.csv,cfg10,filled_then_reset_trace,67108864,13,4096
214,873291776,596,trace_trial4.csv,cfg10,filled_then_reset_trace,67108864,13,4096
215,873295872,639,trace_trial4.csv,cfg10,filled_then_reset_trace,67108864,13,4096
216,873299968,593,trace_trial4.csv,cfg10,filled_then_reset_trace,67108864,13,4096
217,873304064,616,trace_trial4.csv,cfg10,filled_then_reset_trace,67108864,13,4096
218,873308160,570,trace_trial4.csv,cfg10,filled_then_reset_trace,67108864,13,4096
219,873312256,595,trace_trial4.csv,cfg10,filled_then_reset_trace,67108864,13,4096
220,873316352,598,trace_trial4.csv,cfg10,filled_then_reset_trace,67108864,13,4096
221,873320448,602,trace_trial4.csv,cfg10,filled_then_reset_trace,67108864,13,4096
222,873324544,596,trace_trial4.csv,cfg10,filled_then_reset_trace,67108864,13,4096
223,873328640,597,trace_trial4.csv,cfg10,filled_then_reset_trace,67108864,13,4096
224,873332736,598,trace_trial4.csv,cfg10,filled_then_reset_trace,67108864,13,4096
225,873336832,595,trace_trial4.csv,cfg10,filled_then_reset_trace,67108864,13,4096
226,873340928,597,trace_trial4.csv,cfg10,filled_then_reset_trace,67108864,13,4096
227,873345024,597,trace_trial4.csv,cfg10,filled_then_reset_trace,67108864,13,4096
228,873349120,647,trace_trial4.csv,cfg10,filled_then_reset_trace,67108864,13,4096
229,873353216,596,trace_trial4.csv,cfg10,filled_then_reset_trace,67108864,13,4096
230,873357312,606,trace_trial4.csv,cfg10,filled_then_reset_trace,67108864,13,4096
231,873361408,571,trace_trial4.csv,cfg10,filled_then_reset_trace,67108864,13,4096
232,873365504,597,trace_trial4.csv,cfg10,filled_then_reset_trace,67108864,13,4096
233,873369600,597,trace_trial4.csv,cfg10,filled_then_reset_trace,67108864,13,4096
234,873373696,599,trace_trial4.csv,cfg10,filled_then_reset_trace,67108864,13,4096
235,873377792,596,trace_trial4.csv,cfg10,filled_then_reset_trace,67108864,13,4096
236,873381888,597,trace_trial4.csv,cfg10,filled_then_reset_trace,67108864,13,4096
237,873385984,594,trace_trial4.csv,cfg10,filled_then_reset_trace,67108864,13,4096
238,873390080,594,trace_trial4.csv,cfg10,filled_then_reset_trace,67108864,13,4096
239,873394176,597,trace_trial4.csv,cfg10,filled_then_reset_trace,67108864,13,4096
240,873398272,598,trace_trial4.csv,cfg10,filled_then_reset_trace,67108864,13,4096
241,873402368,570,trace_trial4.csv,cfg10,filled_then_reset_trace,67108864,13,4096
242,873406464,591,trace_trial4.csv,cfg10,filled_then_reset_trace,67108864,13,4096
243,873410560,596,trace_trial4.csv,cfg10,filled_then_reset_trace,67108864,13,4096
244,873414656,597,trace_trial4.csv,cfg10,filled_then_reset_trace,67108864,13,4096
245,873418752,596,trace_trial4.csv,cfg10,filled_then_reset_trace,67108864,13,4096
246,873422848,597,trace_trial4.csv,cfg10,filled_then_reset_trace,67108864,13,4096
247,873426944,596,trace_trial4.csv,cfg10,filled_then_reset_trace,67108864,13,4096
248,873431040,598,trace_trial4.csv,cfg10,filled_then_reset_trace,67108864,13,4096
249,873435136,597,trace_trial4.csv,cfg10,filled_then_reset_trace,67108864,13,4096
250,873439232,596,trace_trial4.csv,cfg10,filled_then_reset_trace,67108864,13,4096
251,873443328,614,trace_trial4.csv,cfg10,filled_then_reset_trace,67108864,13,4096
252,873447424,594,trace_trial4.csv,cfg10,filled_then_reset_trace,67108864,13,4096
253,873451520,623,trace_trial4.csv,cfg10,filled_then_reset_trace,67108864,13,4096
254,873455616,575,trace_trial4.csv,cfg10,filled_then_reset_trace,67108864,13,4096
255,873459712,597,trace_trial4.csv,cfg10,filled_then_reset_trace,67108864,13,4096
0,872415232,674,trace_trial5.csv,cfg10,filled_then_reset_trace,67108864,13,4096
1,872419328,615,trace_trial5.csv,cfg10,filled_then_reset_trace,67108864,13,4096
2,872423424,594,trace_trial5.csv,cfg10,filled_then_reset_trace,67108864,13,4096
3,872427520,595,trace_trial5.csv,cfg10,filled_then_reset_trace,67108864,13,4096
4,872431616,604,trace_trial5.csv,cfg10,filled_then_reset_trace,67108864,13,4096
5,872435712,593,trace_trial5.csv,cfg10,filled_then_reset_trace,67108864,13,4096
6,872439808,643,trace_trial5.csv,cfg10,filled_then_reset_trace,67108864,13,4096
7,872443904,597,trace_trial5.csv,cfg10,filled_then_reset_trace,67108864,13,4096
8,872448000,589,trace_trial5.csv,cfg10,filled_then_reset_trace,67108864,13,4096
9,872452096,563,trace_trial5.csv,cfg10,filled_then_reset_trace,67108864,13,4096
10,872456192,591,trace_trial5.csv,cfg10,filled_then_reset_trace,67108864,13,4096
11,872460288,593,trace_trial5.csv,cfg10,filled_then_reset_trace,67108864,13,4096
12,872464384,605,trace_trial5.csv,cfg10,filled_then_reset_trace,67108864,13,4096
13,872468480,600,trace_trial5.csv,cfg10,filled_then_reset_trace,67108864,13,4096
14,872472576,638,trace_trial5.csv,cfg10,filled_then_reset_trace,67108864,13,4096
15,872476672,644,trace_trial5.csv,cfg10,filled_then_reset_trace,67108864,13,4096
16,872480768,643,trace_trial5.csv,cfg10,filled_then_reset_trace,67108864,13,4096
17,872484864,634,trace_trial5.csv,cfg10,filled_then_reset_trace,67108864,13,4096
18,872488960,558,trace_trial5.csv,cfg10,filled_then_reset_trace,67108864,13,4096
19,872493056,637,trace_trial5.csv,cfg10,filled_then_reset_trace,67108864,13,4096
20,872497152,638,trace_trial5.csv,cfg10,filled_then_reset_trace,67108864,13,4096
21,872501248,602,trace_trial5.csv,cfg10,filled_then_reset_trace,67108864,13,4096
22,872505344,639,trace_trial5.csv,cfg10,filled_then_reset_trace,67108864,13,4096
23,872509440,627,trace_trial5.csv,cfg10,filled_then_reset_trace,67108864,13,4096
24,872513536,613,trace_trial5.csv,cfg10,filled_then_reset_trace,67108864,13,4096
25,872517632,635,trace_trial5.csv,cfg10,filled_then_reset_trace,67108864,13,4096
26,872521728,681,trace_trial5.csv,cfg10,filled_then_reset_trace,67108864,13,4096
27,872525824,604,trace_trial5.csv,cfg10,filled_then_reset_trace,67108864,13,4096
28,872529920,633,trace_trial5.csv,cfg10,filled_then_reset_trace,67108864,13,4096
29,872534016,635,trace_trial5.csv,cfg10,filled_then_reset_trace,67108864,13,4096
30,872538112,593,trace_trial5.csv,cfg10,filled_then_reset_trace,67108864,13,4096
31,872542208,638,trace_trial5.csv,cfg10,filled_then_reset_trace,67108864,13,4096
32,872546304,568,trace_trial5.csv,cfg10,filled_then_reset_trace,67108864,13,4096
33,872550400,560,trace_trial5.csv,cfg10,filled_then_reset_trace,67108864,13,4096
34,872554496,624,trace_trial5.csv,cfg10,filled_then_reset_trace,67108864,13,4096
35,872558592,657,trace_trial5.csv,cfg10,filled_then_reset_trace,67108864,13,4096
36,872562688,630,trace_trial5.csv,cfg10,filled_then_reset_trace,67108864,13,4096
37,872566784,557,trace_trial5.csv,cfg10,filled_then_reset_trace,67108864,13,4096
38,872570880,638,trace_trial5.csv,cfg10,filled_then_reset_trace,67108864,13,4096
39,872574976,634,trace_trial5.csv,cfg10,filled_then_reset_trace,67108864,13,4096
40,872579072,638,trace_trial5.csv,cfg10,filled_then_reset_trace,67108864,13,4096
41,872583168,638,trace_trial5.csv,cfg10,filled_then_reset_trace,67108864,13,4096
42,872587264,638,trace_trial5.csv,cfg10,filled_then_reset_trace,67108864,13,4096
43,872591360,566,trace_trial5.csv,cfg10,filled_then_reset_trace,67108864,13,4096
44,872595456,628,trace_trial5.csv,cfg10,filled_then_reset_trace,67108864,13,4096
45,872599552,629,trace_trial5.csv,cfg10,filled_then_reset_trace,67108864,13,4096
46,872603648,554,trace_trial5.csv,cfg10,filled_then_reset_trace,67108864,13,4096
47,872607744,624,trace_trial5.csv,cfg10,filled_then_reset_trace,67108864,13,4096
48,872611840,567,trace_trial5.csv,cfg10,filled_then_reset_trace,67108864,13,4096
49,872615936,633,trace_trial5.csv,cfg10,filled_then_reset_trace,67108864,13,4096
50,872620032,630,trace_trial5.csv,cfg10,filled_then_reset_trace,67108864,13,4096
51,872624128,636,trace_trial5.csv,cfg10,filled_then_reset_trace,67108864,13,4096
52,872628224,629,trace_trial5.csv,cfg10,filled_then_reset_trace,67108864,13,4096
53,872632320,626,trace_trial5.csv,cfg10,filled_then_reset_trace,67108864,13,4096
54,872636416,636,trace_trial5.csv,cfg10,filled_then_reset_trace,67108864,13,4096
55,872640512,613,trace_trial5.csv,cfg10,filled_then_reset_trace,67108864,13,4096
56,872644608,569,trace_trial5.csv,cfg10,filled_then_reset_trace,67108864,13,4096
57,872648704,595,trace_trial5.csv,cfg10,filled_then_reset_trace,67108864,13,4096
58,872652800,665,trace_trial5.csv,cfg10,filled_then_reset_trace,67108864,13,4096
59,872656896,595,trace_trial5.csv,cfg10,filled_then_reset_trace,67108864,13,4096
60,872660992,637,trace_trial5.csv,cfg10,filled_then_reset_trace,67108864,13,4096
61,872665088,648,trace_trial5.csv,cfg10,filled_then_reset_trace,67108864,13,4096
62,872669184,642,trace_trial5.csv,cfg10,filled_then_reset_trace,67108864,13,4096
63,872673280,638,trace_trial5.csv,cfg10,filled_then_reset_trace,67108864,13,4096
64,872677376,682,trace_trial5.csv,cfg10,filled_then_reset_trace,67108864,13,4096
65,872681472,599,trace_trial5.csv,cfg10,filled_then_reset_trace,67108864,13,4096
66,872685568,640,trace_trial5.csv,cfg10,filled_then_reset_trace,67108864,13,4096
67,872689664,558,trace_trial5.csv,cfg10,filled_then_reset_trace,67108864,13,4096
68,872693760,633,trace_trial5.csv,cfg10,filled_then_reset_trace,67108864,13,4096
69,872697856,635,trace_trial5.csv,cfg10,filled_then_reset_trace,67108864,13,4096
70,872701952,571,trace_trial5.csv,cfg10,filled_then_reset_trace,67108864,13,4096
71,872706048,575,trace_trial5.csv,cfg10,filled_then_reset_trace,67108864,13,4096
72,872710144,660,trace_trial5.csv,cfg10,filled_then_reset_trace,67108864,13,4096
73,872714240,661,trace_trial5.csv,cfg10,filled_then_reset_trace,67108864,13,4096
74,872718336,631,trace_trial5.csv,cfg10,filled_then_reset_trace,67108864,13,4096
75,872722432,672,trace_trial5.csv,cfg10,filled_then_reset_trace,67108864,13,4096
76,872726528,646,trace_trial5.csv,cfg10,filled_then_reset_trace,67108864,13,4096
77,872730624,662,trace_trial5.csv,cfg10,filled_then_reset_trace,67108864,13,4096
78,872734720,651,trace_trial5.csv,cfg10,filled_then_reset_trace,67108864,13,4096
79,872738816,645,trace_trial5.csv,cfg10,filled_then_reset_trace,67108864,13,4096
80,872742912,647,trace_trial5.csv,cfg10,filled_then_reset_trace,67108864,13,4096
81,872747008,624,trace_trial5.csv,cfg10,filled_then_reset_trace,67108864,13,4096
82,872751104,600,trace_trial5.csv,cfg10,filled_then_reset_trace,67108864,13,4096
83,872755200,642,trace_trial5.csv,cfg10,filled_then_reset_trace,67108864,13,4096
84,872759296,668,trace_trial5.csv,cfg10,filled_then_reset_trace,67108864,13,4096
85,872763392,636,trace_trial5.csv,cfg10,filled_then_reset_trace,67108864,13,4096
86,872767488,643,trace_trial5.csv,cfg10,filled_then_reset_trace,67108864,13,4096
87,872771584,598,trace_trial5.csv,cfg10,filled_then_reset_trace,67108864,13,4096
88,872775680,645,trace_trial5.csv,cfg10,filled_then_reset_trace,67108864,13,4096
89,872779776,641,trace_trial5.csv,cfg10,filled_then_reset_trace,67108864,13,4096
90,872783872,572,trace_trial5.csv,cfg10,filled_then_reset_trace,67108864,13,4096
91,872787968,642,trace_trial5.csv,cfg10,filled_then_reset_trace,67108864,13,4096
92,872792064,643,trace_trial5.csv,cfg10,filled_then_reset_trace,67108864,13,4096
93,872796160,645,trace_trial5.csv,cfg10,filled_then_reset_trace,67108864,13,4096
94,872800256,632,trace_trial5.csv,cfg10,filled_then_reset_trace,67108864,13,4096
95,872804352,641,trace_trial5.csv,cfg10,filled_then_reset_trace,67108864,13,4096
96,872808448,645,trace_trial5.csv,cfg10,filled_then_reset_trace,67108864,13,4096
97,872812544,640,trace_trial5.csv,cfg10,filled_then_reset_trace,67108864,13,4096
98,872816640,640,trace_trial5.csv,cfg10,filled_then_reset_trace,67108864,13,4096
99,872820736,637,trace_trial5.csv,cfg10,filled_then_reset_trace,67108864,13,4096
100,872824832,649,trace_trial5.csv,cfg10,filled_then_reset_trace,67108864,13,4096
101,872828928,564,trace_trial5.csv,cfg10,filled_then_reset_trace,67108864,13,4096
102,872833024,639,trace_trial5.csv,cfg10,filled_then_reset_trace,67108864,13,4096
103,872837120,639,trace_trial5.csv,cfg10,filled_then_reset_trace,67108864,13,4096
104,872841216,641,trace_trial5.csv,cfg10,filled_then_reset_trace,67108864,13,4096
105,872845312,643,trace_trial5.csv,cfg10,filled_then_reset_trace,67108864,13,4096
106,872849408,641,trace_trial5.csv,cfg10,filled_then_reset_trace,67108864,13,4096
107,872853504,644,trace_trial5.csv,cfg10,filled_then_reset_trace,67108864,13,4096
108,872857600,644,trace_trial5.csv,cfg10,filled_then_reset_trace,67108864,13,4096
109,872861696,630,trace_trial5.csv,cfg10,filled_then_reset_trace,67108864,13,4096
110,872865792,641,trace_trial5.csv,cfg10,filled_then_reset_trace,67108864,13,4096
111,872869888,636,trace_trial5.csv,cfg10,filled_then_reset_trace,67108864,13,4096
112,872873984,636,trace_trial5.csv,cfg10,filled_then_reset_trace,67108864,13,4096
113,872878080,649,trace_trial5.csv,cfg10,filled_then_reset_trace,67108864,13,4096
114,872882176,637,trace_trial5.csv,cfg10,filled_then_reset_trace,67108864,13,4096
115,872886272,606,trace_trial5.csv,cfg10,filled_then_reset_trace,67108864,13,4096
116,872890368,642,trace_trial5.csv,cfg10,filled_then_reset_trace,67108864,13,4096
117,872894464,657,trace_trial5.csv,cfg10,filled_then_reset_trace,67108864,13,4096
118,872898560,637,trace_trial5.csv,cfg10,filled_then_reset_trace,67108864,13,4096
119,872902656,643,trace_trial5.csv,cfg10,filled_then_reset_trace,67108864,13,4096
120,872906752,610,trace_trial5.csv,cfg10,filled_then_reset_trace,67108864,13,4096
121,872910848,573,trace_trial5.csv,cfg10,filled_then_reset_trace,67108864,13,4096
122,872914944,642,trace_trial5.csv,cfg10,filled_then_reset_trace,67108864,13,4096
123,872919040,641,trace_trial5.csv,cfg10,filled_then_reset_trace,67108864,13,4096
124,872923136,646,trace_trial5.csv,cfg10,filled_then_reset_trace,67108864,13,4096
125,872927232,640,trace_trial5.csv,cfg10,filled_then_reset_trace,67108864,13,4096
126,872931328,652,trace_trial5.csv,cfg10,filled_then_reset_trace,67108864,13,4096
127,872935424,643,trace_trial5.csv,cfg10,filled_then_reset_trace,67108864,13,4096
128,872939520,642,trace_trial5.csv,cfg10,filled_then_reset_trace,67108864,13,4096
129,872943616,643,trace_trial5.csv,cfg10,filled_then_reset_trace,67108864,13,4096
130,872947712,640,trace_trial5.csv,cfg10,filled_then_reset_trace,67108864,13,4096
131,872951808,641,trace_trial5.csv,cfg10,filled_then_reset_trace,67108864,13,4096
132,872955904,635,trace_trial5.csv,cfg10,filled_then_reset_trace,67108864,13,4096
133,872960000,653,trace_trial5.csv,cfg10,filled_then_reset_trace,67108864,13,4096
134,872964096,643,trace_trial5.csv,cfg10,filled_then_reset_trace,67108864,13,4096
135,872968192,644,trace_trial5.csv,cfg10,filled_then_reset_trace,67108864,13,4096
136,872972288,640,trace_trial5.csv,cfg10,filled_then_reset_trace,67108864,13,4096
137,872976384,642,trace_trial5.csv,cfg10,filled_then_reset_trace,67108864,13,4096
138,872980480,645,trace_trial5.csv,cfg10,filled_then_reset_trace,67108864,13,4096
139,872984576,652,trace_trial5.csv,cfg10,filled_then_reset_trace,67108864,13,4096
140,872988672,654,trace_trial5.csv,cfg10,filled_then_reset_trace,67108864,13,4096
141,872992768,573,trace_trial5.csv,cfg10,filled_then_reset_trace,67108864,13,4096
142,872996864,643,trace_trial5.csv,cfg10,filled_then_reset_trace,67108864,13,4096
143,873000960,643,trace_trial5.csv,cfg10,filled_then_reset_trace,67108864,13,4096
144,873005056,650,trace_trial5.csv,cfg10,filled_then_reset_trace,67108864,13,4096
145,873009152,639,trace_trial5.csv,cfg10,filled_then_reset_trace,67108864,13,4096
146,873013248,639,trace_trial5.csv,cfg10,filled_then_reset_trace,67108864,13,4096
147,873017344,639,trace_trial5.csv,cfg10,filled_then_reset_trace,67108864,13,4096
148,873021440,638,trace_trial5.csv,cfg10,filled_then_reset_trace,67108864,13,4096
149,873025536,645,trace_trial5.csv,cfg10,filled_then_reset_trace,67108864,13,4096
150,873029632,620,trace_trial5.csv,cfg10,filled_then_reset_trace,67108864,13,4096
151,873033728,638,trace_trial5.csv,cfg10,filled_then_reset_trace,67108864,13,4096
152,873037824,586,trace_trial5.csv,cfg10,filled_then_reset_trace,67108864,13,4096
153,873041920,647,trace_trial5.csv,cfg10,filled_then_reset_trace,67108864,13,4096
154,873046016,646,trace_trial5.csv,cfg10,filled_then_reset_trace,67108864,13,4096
155,873050112,639,trace_trial5.csv,cfg10,filled_then_reset_trace,67108864,13,4096
156,873054208,638,trace_trial5.csv,cfg10,filled_then_reset_trace,67108864,13,4096
157,873058304,652,trace_trial5.csv,cfg10,filled_then_reset_trace,67108864,13,4096
158,873062400,638,trace_trial5.csv,cfg10,filled_then_reset_trace,67108864,13,4096
159,873066496,643,trace_trial5.csv,cfg10,filled_then_reset_trace,67108864,13,4096
160,873070592,641,trace_trial5.csv,cfg10,filled_then_reset_trace,67108864,13,4096
161,873074688,573,trace_trial5.csv,cfg10,filled_then_reset_trace,67108864,13,4096
162,873078784,640,trace_trial5.csv,cfg10,filled_then_reset_trace,67108864,13,4096
163,873082880,639,trace_trial5.csv,cfg10,filled_then_reset_trace,67108864,13,4096
164,873086976,643,trace_trial5.csv,cfg10,filled_then_reset_trace,67108864,13,4096
165,873091072,639,trace_trial5.csv,cfg10,filled_then_reset_trace,67108864,13,4096
166,873095168,642,trace_trial5.csv,cfg10,filled_then_reset_trace,67108864,13,4096
167,873099264,646,trace_trial5.csv,cfg10,filled_then_reset_trace,67108864,13,4096
168,873103360,642,trace_trial5.csv,cfg10,filled_then_reset_trace,67108864,13,4096
169,873107456,645,trace_trial5.csv,cfg10,filled_then_reset_trace,67108864,13,4096
170,873111552,648,trace_trial5.csv,cfg10,filled_then_reset_trace,67108864,13,4096
171,873115648,649,trace_trial5.csv,cfg10,filled_then_reset_trace,67108864,13,4096
172,873119744,630,trace_trial5.csv,cfg10,filled_then_reset_trace,67108864,13,4096
173,873123840,646,trace_trial5.csv,cfg10,filled_then_reset_trace,67108864,13,4096
174,873127936,643,trace_trial5.csv,cfg10,filled_then_reset_trace,67108864,13,4096
175,873132032,644,trace_trial5.csv,cfg10,filled_then_reset_trace,67108864,13,4096
176,873136128,643,trace_trial5.csv,cfg10,filled_then_reset_trace,67108864,13,4096
177,873140224,642,trace_trial5.csv,cfg10,filled_then_reset_trace,67108864,13,4096
178,873144320,640,trace_trial5.csv,cfg10,filled_then_reset_trace,67108864,13,4096
179,873148416,646,trace_trial5.csv,cfg10,filled_then_reset_trace,67108864,13,4096
180,873152512,646,trace_trial5.csv,cfg10,filled_then_reset_trace,67108864,13,4096
181,873156608,572,trace_trial5.csv,cfg10,filled_then_reset_trace,67108864,13,4096
182,873160704,639,trace_trial5.csv,cfg10,filled_then_reset_trace,67108864,13,4096
183,873164800,642,trace_trial5.csv,cfg10,filled_then_reset_trace,67108864,13,4096
184,873168896,642,trace_trial5.csv,cfg10,filled_then_reset_trace,67108864,13,4096
185,873172992,647,trace_trial5.csv,cfg10,filled_then_reset_trace,67108864,13,4096
186,873177088,639,trace_trial5.csv,cfg10,filled_then_reset_trace,67108864,13,4096
187,873181184,642,trace_trial5.csv,cfg10,filled_then_reset_trace,67108864,13,4096
188,873185280,641,trace_trial5.csv,cfg10,filled_then_reset_trace,67108864,13,4096
189,873189376,638,trace_trial5.csv,cfg10,filled_then_reset_trace,67108864,13,4096
190,873193472,631,trace_trial5.csv,cfg10,filled_then_reset_trace,67108864,13,4096
191,873197568,644,trace_trial5.csv,cfg10,filled_then_reset_trace,67108864,13,4096
192,873201664,631,trace_trial5.csv,cfg10,filled_then_reset_trace,67108864,13,4096
193,873205760,645,trace_trial5.csv,cfg10,filled_then_reset_trace,67108864,13,4096
194,873209856,642,trace_trial5.csv,cfg10,filled_then_reset_trace,67108864,13,4096
195,873213952,638,trace_trial5.csv,cfg10,filled_then_reset_trace,67108864,13,4096
196,873218048,640,trace_trial5.csv,cfg10,filled_then_reset_trace,67108864,13,4096
197,873222144,644,trace_trial5.csv,cfg10,filled_then_reset_trace,67108864,13,4096
198,873226240,645,trace_trial5.csv,cfg10,filled_then_reset_trace,67108864,13,4096
199,873230336,639,trace_trial5.csv,cfg10,filled_then_reset_trace,67108864,13,4096
200,873234432,650,trace_trial5.csv,cfg10,filled_then_reset_trace,67108864,13,4096
201,873238528,572,trace_trial5.csv,cfg10,filled_then_reset_trace,67108864,13,4096
202,873242624,642,trace_trial5.csv,cfg10,filled_then_reset_trace,67108864,13,4096
203,873246720,639,trace_trial5.csv,cfg10,filled_then_reset_trace,67108864,13,4096
204,873250816,644,trace_trial5.csv,cfg10,filled_then_reset_trace,67108864,13,4096
205,873254912,654,trace_trial5.csv,cfg10,filled_then_reset_trace,67108864,13,4096
206,873259008,635,trace_trial5.csv,cfg10,filled_then_reset_trace,67108864,13,4096
207,873263104,642,trace_trial5.csv,cfg10,filled_then_reset_trace,67108864,13,4096
208,873267200,637,trace_trial5.csv,cfg10,filled_then_reset_trace,67108864,13,4096
209,873271296,644,trace_trial5.csv,cfg10,filled_then_reset_trace,67108864,13,4096
210,873275392,615,trace_trial5.csv,cfg10,filled_then_reset_trace,67108864,13,4096
211,873279488,639,trace_trial5.csv,cfg10,filled_then_reset_trace,67108864,13,4096
212,873283584,628,trace_trial5.csv,cfg10,filled_then_reset_trace,67108864,13,4096
213,873287680,646,trace_trial5.csv,cfg10,filled_then_reset_trace,67108864,13,4096
214,873291776,643,trace_trial5.csv,cfg10,filled_then_reset_trace,67108864,13,4096
215,873295872,645,trace_trial5.csv,cfg10,filled_then_reset_trace,67108864,13,4096
216,873299968,639,trace_trial5.csv,cfg10,filled_then_reset_trace,67108864,13,4096
217,873304064,649,trace_trial5.csv,cfg10,filled_then_reset_trace,67108864,13,4096
218,873308160,642,trace_trial5.csv,cfg10,filled_then_reset_trace,67108864,13,4096
219,873312256,642,trace_trial5.csv,cfg10,filled_then_reset_trace,67108864,13,4096
220,873316352,639,trace_trial5.csv,cfg10,filled_then_reset_trace,67108864,13,4096
221,873320448,572,trace_trial5.csv,cfg10,filled_then_reset_trace,67108864,13,4096
222,873324544,643,trace_trial5.csv,cfg10,filled_then_reset_trace,67108864,13,4096
223,873328640,645,trace_trial5.csv,cfg10,filled_then_reset_trace,67108864,13,4096
224,873332736,642,trace_trial5.csv,cfg10,filled_then_reset_trace,67108864,13,4096
225,873336832,645,trace_trial5.csv,cfg10,filled_then_reset_trace,67108864,13,4096
226,873340928,645,trace_trial5.csv,cfg10,filled_then_reset_trace,67108864,13,4096
227,873345024,644,trace_trial5.csv,cfg10,filled_then_reset_trace,67108864,13,4096
228,873349120,643,trace_trial5.csv,cfg10,filled_then_reset_trace,67108864,13,4096
229,873353216,641,trace_trial5.csv,cfg10,filled_then_reset_trace,67108864,13,4096
230,873357312,597,trace_trial5.csv,cfg10,filled_then_reset_trace,67108864,13,4096
231,873361408,645,trace_trial5.csv,cfg10,filled_then_reset_trace,67108864,13,4096
232,873365504,625,trace_trial5.csv,cfg10,filled_then_reset_trace,67108864,13,4096
233,873369600,647,trace_trial5.csv,cfg10,filled_then_reset_trace,67108864,13,4096
234,873373696,639,trace_trial5.csv,cfg10,filled_then_reset_trace,67108864,13,4096
235,873377792,562,trace_trial5.csv,cfg10,filled_then_reset_trace,67108864,13,4096
236,873381888,643,trace_trial5.csv,cfg10,filled_then_reset_trace,67108864,13,4096
237,873385984,641,trace_trial5.csv,cfg10,filled_then_reset_trace,67108864,13,4096
238,873390080,630,trace_trial5.csv,cfg10,filled_then_reset_trace,67108864,13,4096
239,873394176,648,trace_trial5.csv,cfg10,filled_then_reset_trace,67108864,13,4096
240,873398272,645,trace_trial5.csv,cfg10,filled_then_reset_trace,67108864,13,4096
241,873402368,646,trace_trial5.csv,cfg10,filled_then_reset_trace,67108864,13,4096
242,873406464,644,trace_trial5.csv,cfg10,filled_then_reset_trace,67108864,13,4096
243,873410560,640,trace_trial5.csv,cfg10,filled_then_reset_trace,67108864,13,4096
244,873414656,643,trace_trial5.csv,cfg10,filled_then_reset_trace,67108864,13,4096
245,873418752,641,trace_trial5.csv,cfg10,filled_then_reset_trace,67108864,13,4096
246,873422848,643,trace_trial5.csv,cfg10,filled_then_reset_trace,67108864,13,4096
247,873426944,617,trace_trial5.csv,cfg10,filled_then_reset_trace,67108864,13,4096
248,873431040,641,trace_trial5.csv,cfg10,filled_then_reset_trace,67108864,13,4096
249,873435136,626,trace_trial5.csv,cfg10,filled_then_reset_trace,67108864,13,4096
250,873439232,646,trace_trial5.csv,cfg10,filled_then_reset_trace,67108864,13,4096
251,873443328,646,trace_trial5.csv,cfg10,filled_then_reset_trace,67108864,13,4096
252,873447424,640,trace_trial5.csv,cfg10,filled_then_reset_trace,67108864,13,4096
253,873451520,639,trace_trial5.csv,cfg10,filled_then_reset_trace,67108864,13,4096
254,873455616,645,trace_trial5.csv,cfg10,filled_then_reset_trace,67108864,13,4096
255,873459712,645,trace_trial5.csv,cfg10,filled_then_reset_trace,67108864,13,4096
0,436207616,716,trace_trial1.csv,cfg18,filled_then_reset_trace,33554432,13,4096
1,436211712,593,trace_trial1.csv,cfg18,filled_then_reset_trace,33554432,13,4096
2,436215808,592,trace_trial1.csv,cfg18,filled_then_reset_trace,33554432,13,4096
3,436219904,591,trace_trial1.csv,cfg18,filled_then_reset_trace,33554432,13,4096
4,436224000,593,trace_trial1.csv,cfg18,filled_then_reset_trace,33554432,13,4096
5,436228096,568,trace_trial1.csv,cfg18,filled_then_reset_trace,33554432,13,4096
6,436232192,583,trace_trial1.csv,cfg18,filled_then_reset_trace,33554432,13,4096
7,436236288,637,trace_trial1.csv,cfg18,filled_then_reset_trace,33554432,13,4096
8,436240384,592,trace_trial1.csv,cfg18,filled_then_reset_trace,33554432,13,4096
9,436244480,593,trace_trial1.csv,cfg18,filled_then_reset_trace,33554432,13,4096
10,436248576,566,trace_trial1.csv,cfg18,filled_then_reset_trace,33554432,13,4096
11,436252672,591,trace_trial1.csv,cfg18,filled_then_reset_trace,33554432,13,4096
12,436256768,578,trace_trial1.csv,cfg18,filled_then_reset_trace,33554432,13,4096
13,436260864,592,trace_trial1.csv,cfg18,filled_then_reset_trace,33554432,13,4096
14,436264960,590,trace_trial1.csv,cfg18,filled_then_reset_trace,33554432,13,4096
15,436269056,565,trace_trial1.csv,cfg18,filled_then_reset_trace,33554432,13,4096
16,436273152,593,trace_trial1.csv,cfg18,filled_then_reset_trace,33554432,13,4096
17,436277248,557,trace_trial1.csv,cfg18,filled_then_reset_trace,33554432,13,4096
18,436281344,589,trace_trial1.csv,cfg18,filled_then_reset_trace,33554432,13,4096
19,436285440,556,trace_trial1.csv,cfg18,filled_then_reset_trace,33554432,13,4096
20,436289536,606,trace_trial1.csv,cfg18,filled_then_reset_trace,33554432,13,4096
21,436293632,590,trace_trial1.csv,cfg18,filled_then_reset_trace,33554432,13,4096
22,436297728,559,trace_trial1.csv,cfg18,filled_then_reset_trace,33554432,13,4096
23,436301824,587,trace_trial1.csv,cfg18,filled_then_reset_trace,33554432,13,4096
24,436305920,624,trace_trial1.csv,cfg18,filled_then_reset_trace,33554432,13,4096
25,436310016,577,trace_trial1.csv,cfg18,filled_then_reset_trace,33554432,13,4096
26,436314112,601,trace_trial1.csv,cfg18,filled_then_reset_trace,33554432,13,4096
27,436318208,561,trace_trial1.csv,cfg18,filled_then_reset_trace,33554432,13,4096
28,436322304,587,trace_trial1.csv,cfg18,filled_then_reset_trace,33554432,13,4096
29,436326400,606,trace_trial1.csv,cfg18,filled_then_reset_trace,33554432,13,4096
30,436330496,574,trace_trial1.csv,cfg18,filled_then_reset_trace,33554432,13,4096
31,436334592,591,trace_trial1.csv,cfg18,filled_then_reset_trace,33554432,13,4096
32,436338688,565,trace_trial1.csv,cfg18,filled_then_reset_trace,33554432,13,4096
33,436342784,592,trace_trial1.csv,cfg18,filled_then_reset_trace,33554432,13,4096
34,436346880,596,trace_trial1.csv,cfg18,filled_then_reset_trace,33554432,13,4096
35,436350976,572,trace_trial1.csv,cfg18,filled_then_reset_trace,33554432,13,4096
36,436355072,592,trace_trial1.csv,cfg18,filled_then_reset_trace,33554432,13,4096
37,436359168,567,trace_trial1.csv,cfg18,filled_then_reset_trace,33554432,13,4096
38,436363264,654,trace_trial1.csv,cfg18,filled_then_reset_trace,33554432,13,4096
39,436367360,567,trace_trial1.csv,cfg18,filled_then_reset_trace,33554432,13,4096
40,436371456,618,trace_trial1.csv,cfg18,filled_then_reset_trace,33554432,13,4096
41,436375552,591,trace_trial1.csv,cfg18,filled_then_reset_trace,33554432,13,4096
42,436379648,580,trace_trial1.csv,cfg18,filled_then_reset_trace,33554432,13,4096
43,436383744,589,trace_trial1.csv,cfg18,filled_then_reset_trace,33554432,13,4096
44,436387840,597,trace_trial1.csv,cfg18,filled_then_reset_trace,33554432,13,4096
45,436391936,572,trace_trial1.csv,cfg18,filled_then_reset_trace,33554432,13,4096
46,436396032,588,trace_trial1.csv,cfg18,filled_then_reset_trace,33554432,13,4096
47,436400128,596,trace_trial1.csv,cfg18,filled_then_reset_trace,33554432,13,4096
48,436404224,593,trace_trial1.csv,cfg18,filled_then_reset_trace,33554432,13,4096
49,436408320,591,trace_trial1.csv,cfg18,filled_then_reset_trace,33554432,13,4096
50,436412416,567,trace_trial1.csv,cfg18,filled_then_reset_trace,33554432,13,4096
51,436416512,590,trace_trial1.csv,cfg18,filled_then_reset_trace,33554432,13,4096
52,436420608,571,trace_trial1.csv,cfg18,filled_then_reset_trace,33554432,13,4096
53,436424704,611,trace_trial1.csv,cfg18,filled_then_reset_trace,33554432,13,4096
54,436428800,592,trace_trial1.csv,cfg18,filled_then_reset_trace,33554432,13,4096
55,436432896,580,trace_trial1.csv,cfg18,filled_then_reset_trace,33554432,13,4096
56,436436992,600,trace_trial1.csv,cfg18,filled_then_reset_trace,33554432,13,4096
57,436441088,597,trace_trial1.csv,cfg18,filled_then_reset_trace,33554432,13,4096
58,436445184,591,trace_trial1.csv,cfg18,filled_then_reset_trace,33554432,13,4096
59,436449280,557,trace_trial1.csv,cfg18,filled_then_reset_trace,33554432,13,4096
60,436453376,589,trace_trial1.csv,cfg18,filled_then_reset_trace,33554432,13,4096
61,436457472,592,trace_trial1.csv,cfg18,filled_then_reset_trace,33554432,13,4096
62,436461568,579,trace_trial1.csv,cfg18,filled_then_reset_trace,33554432,13,4096
63,436465664,586,trace_trial1.csv,cfg18,filled_then_reset_trace,33554432,13,4096
64,436469760,593,trace_trial1.csv,cfg18,filled_then_reset_trace,33554432,13,4096
65,436473856,567,trace_trial1.csv,cfg18,filled_then_reset_trace,33554432,13,4096
66,436477952,649,trace_trial1.csv,cfg18,filled_then_reset_trace,33554432,13,4096
67,436482048,639,trace_trial1.csv,cfg18,filled_then_reset_trace,33554432,13,4096
68,436486144,604,trace_trial1.csv,cfg18,filled_then_reset_trace,33554432,13,4096
69,436490240,596,trace_trial1.csv,cfg18,filled_then_reset_trace,33554432,13,4096
70,436494336,598,trace_trial1.csv,cfg18,filled_then_reset_trace,33554432,13,4096
71,436498432,596,trace_trial1.csv,cfg18,filled_then_reset_trace,33554432,13,4096
72,436502528,599,trace_trial1.csv,cfg18,filled_then_reset_trace,33554432,13,4096
73,436506624,623,trace_trial1.csv,cfg18,filled_then_reset_trace,33554432,13,4096
74,436510720,594,trace_trial1.csv,cfg18,filled_then_reset_trace,33554432,13,4096
75,436514816,587,trace_trial1.csv,cfg18,filled_then_reset_trace,33554432,13,4096
76,436518912,595,trace_trial1.csv,cfg18,filled_then_reset_trace,33554432,13,4096
77,436523008,595,trace_trial1.csv,cfg18,filled_then_reset_trace,33554432,13,4096
78,436527104,608,trace_trial1.csv,cfg18,filled_then_reset_trace,33554432,13,4096
79,436531200,600,trace_trial1.csv,cfg18,filled_then_reset_trace,33554432,13,4096
80,436535296,596,trace_trial1.csv,cfg18,filled_then_reset_trace,33554432,13,4096
81,436539392,605,trace_trial1.csv,cfg18,filled_then_reset_trace,33554432,13,4096
82,436543488,615,trace_trial1.csv,cfg18,filled_then_reset_trace,33554432,13,4096
83,436547584,598,trace_trial1.csv,cfg18,filled_then_reset_trace,33554432,13,4096
84,436551680,593,trace_trial1.csv,cfg18,filled_then_reset_trace,33554432,13,4096
85,436555776,596,trace_trial1.csv,cfg18,filled_then_reset_trace,33554432,13,4096
86,436559872,575,trace_trial1.csv,cfg18,filled_then_reset_trace,33554432,13,4096
87,436563968,596,trace_trial1.csv,cfg18,filled_then_reset_trace,33554432,13,4096
88,436568064,560,trace_trial1.csv,cfg18,filled_then_reset_trace,33554432,13,4096
89,436572160,592,trace_trial1.csv,cfg18,filled_then_reset_trace,33554432,13,4096
90,436576256,596,trace_trial1.csv,cfg18,filled_then_reset_trace,33554432,13,4096
91,436580352,594,trace_trial1.csv,cfg18,filled_then_reset_trace,33554432,13,4096
92,436584448,597,trace_trial1.csv,cfg18,filled_then_reset_trace,33554432,13,4096
93,436588544,605,trace_trial1.csv,cfg18,filled_then_reset_trace,33554432,13,4096
94,436592640,597,trace_trial1.csv,cfg18,filled_then_reset_trace,33554432,13,4096
95,436596736,595,trace_trial1.csv,cfg18,filled_then_reset_trace,33554432,13,4096
96,436600832,596,trace_trial1.csv,cfg18,filled_then_reset_trace,33554432,13,4096
97,436604928,594,trace_trial1.csv,cfg18,filled_then_reset_trace,33554432,13,4096
98,436609024,593,trace_trial1.csv,cfg18,filled_then_reset_trace,33554432,13,4096
99,436613120,598,trace_trial1.csv,cfg18,filled_then_reset_trace,33554432,13,4096
100,436617216,598,trace_trial1.csv,cfg18,filled_then_reset_trace,33554432,13,4096
101,436621312,595,trace_trial1.csv,cfg18,filled_then_reset_trace,33554432,13,4096
102,436625408,596,trace_trial1.csv,cfg18,filled_then_reset_trace,33554432,13,4096
103,436629504,595,trace_trial1.csv,cfg18,filled_then_reset_trace,33554432,13,4096
104,436633600,595,trace_trial1.csv,cfg18,filled_then_reset_trace,33554432,13,4096
105,436637696,605,trace_trial1.csv,cfg18,filled_then_reset_trace,33554432,13,4096
106,436641792,594,trace_trial1.csv,cfg18,filled_then_reset_trace,33554432,13,4096
107,436645888,600,trace_trial1.csv,cfg18,filled_then_reset_trace,33554432,13,4096
108,436649984,594,trace_trial1.csv,cfg18,filled_then_reset_trace,33554432,13,4096
109,436654080,598,trace_trial1.csv,cfg18,filled_then_reset_trace,33554432,13,4096
110,436658176,595,trace_trial1.csv,cfg18,filled_then_reset_trace,33554432,13,4096
111,436662272,559,trace_trial1.csv,cfg18,filled_then_reset_trace,33554432,13,4096
112,436666368,594,trace_trial1.csv,cfg18,filled_then_reset_trace,33554432,13,4096
113,436670464,594,trace_trial1.csv,cfg18,filled_then_reset_trace,33554432,13,4096
114,436674560,597,trace_trial1.csv,cfg18,filled_then_reset_trace,33554432,13,4096
115,436678656,595,trace_trial1.csv,cfg18,filled_then_reset_trace,33554432,13,4096
116,436682752,597,trace_trial1.csv,cfg18,filled_then_reset_trace,33554432,13,4096
117,436686848,604,trace_trial1.csv,cfg18,filled_then_reset_trace,33554432,13,4096
118,436690944,598,trace_trial1.csv,cfg18,filled_then_reset_trace,33554432,13,4096
119,436695040,595,trace_trial1.csv,cfg18,filled_then_reset_trace,33554432,13,4096
120,436699136,596,trace_trial1.csv,cfg18,filled_then_reset_trace,33554432,13,4096
121,436703232,566,trace_trial1.csv,cfg18,filled_then_reset_trace,33554432,13,4096
122,436707328,595,trace_trial1.csv,cfg18,filled_then_reset_trace,33554432,13,4096
123,436711424,598,trace_trial1.csv,cfg18,filled_then_reset_trace,33554432,13,4096
124,436715520,597,trace_trial1.csv,cfg18,filled_then_reset_trace,33554432,13,4096
125,436719616,597,trace_trial1.csv,cfg18,filled_then_reset_trace,33554432,13,4096
126,436723712,597,trace_trial1.csv,cfg18,filled_then_reset_trace,33554432,13,4096
127,436727808,594,trace_trial1.csv,cfg18,filled_then_reset_trace,33554432,13,4096
128,436731904,604,trace_trial1.csv,cfg18,filled_then_reset_trace,33554432,13,4096
129,436736000,605,trace_trial1.csv,cfg18,filled_then_reset_trace,33554432,13,4096
130,436740096,595,trace_trial1.csv,cfg18,filled_then_reset_trace,33554432,13,4096
131,436744192,585,trace_trial1.csv,cfg18,filled_then_reset_trace,33554432,13,4096
132,436748288,595,trace_trial1.csv,cfg18,filled_then_reset_trace,33554432,13,4096
133,436752384,598,trace_trial1.csv,cfg18,filled_then_reset_trace,33554432,13,4096
134,436756480,571,trace_trial1.csv,cfg18,filled_then_reset_trace,33554432,13,4096
135,436760576,595,trace_trial1.csv,cfg18,filled_then_reset_trace,33554432,13,4096
136,436764672,598,trace_trial1.csv,cfg18,filled_then_reset_trace,33554432,13,4096
137,436768768,662,trace_trial1.csv,cfg18,filled_then_reset_trace,33554432,13,4096
138,436772864,598,trace_trial1.csv,cfg18,filled_then_reset_trace,33554432,13,4096
139,436776960,658,trace_trial1.csv,cfg18,filled_then_reset_trace,33554432,13,4096
140,436781056,596,trace_trial1.csv,cfg18,filled_then_reset_trace,33554432,13,4096
141,436785152,626,trace_trial1.csv,cfg18,filled_then_reset_trace,33554432,13,4096
142,436789248,595,trace_trial1.csv,cfg18,filled_then_reset_trace,33554432,13,4096
143,436793344,596,trace_trial1.csv,cfg18,filled_then_reset_trace,33554432,13,4096
144,436797440,597,trace_trial1.csv,cfg18,filled_then_reset_trace,33554432,13,4096
145,436801536,577,trace_trial1.csv,cfg18,filled_then_reset_trace,33554432,13,4096
146,436805632,596,trace_trial1.csv,cfg18,filled_then_reset_trace,33554432,13,4096
147,436809728,559,trace_trial1.csv,cfg18,filled_then_reset_trace,33554432,13,4096
148,436813824,594,trace_trial1.csv,cfg18,filled_then_reset_trace,33554432,13,4096
149,436817920,594,trace_trial1.csv,cfg18,filled_then_reset_trace,33554432,13,4096
150,436822016,642,trace_trial1.csv,cfg18,filled_then_reset_trace,33554432,13,4096
151,436826112,599,trace_trial1.csv,cfg18,filled_then_reset_trace,33554432,13,4096
152,436830208,598,trace_trial1.csv,cfg18,filled_then_reset_trace,33554432,13,4096
153,436834304,594,trace_trial1.csv,cfg18,filled_then_reset_trace,33554432,13,4096
154,436838400,604,trace_trial1.csv,cfg18,filled_then_reset_trace,33554432,13,4096
155,436842496,595,trace_trial1.csv,cfg18,filled_then_reset_trace,33554432,13,4096
156,436846592,593,trace_trial1.csv,cfg18,filled_then_reset_trace,33554432,13,4096
157,436850688,618,trace_trial1.csv,cfg18,filled_then_reset_trace,33554432,13,4096
158,436854784,597,trace_trial1.csv,cfg18,filled_then_reset_trace,33554432,13,4096
159,436858880,597,trace_trial1.csv,cfg18,filled_then_reset_trace,33554432,13,4096
160,436862976,571,trace_trial1.csv,cfg18,filled_then_reset_trace,33554432,13,4096
161,436867072,604,trace_trial1.csv,cfg18,filled_then_reset_trace,33554432,13,4096
162,436871168,597,trace_trial1.csv,cfg18,filled_then_reset_trace,33554432,13,4096
163,436875264,595,trace_trial1.csv,cfg18,filled_then_reset_trace,33554432,13,4096
164,436879360,597,trace_trial1.csv,cfg18,filled_then_reset_trace,33554432,13,4096
165,436883456,596,trace_trial1.csv,cfg18,filled_then_reset_trace,33554432,13,4096
166,436887552,602,trace_trial1.csv,cfg18,filled_then_reset_trace,33554432,13,4096
167,436891648,598,trace_trial1.csv,cfg18,filled_then_reset_trace,33554432,13,4096
168,436895744,597,trace_trial1.csv,cfg18,filled_then_reset_trace,33554432,13,4096
169,436899840,594,trace_trial1.csv,cfg18,filled_then_reset_trace,33554432,13,4096
170,436903936,570,trace_trial1.csv,cfg18,filled_then_reset_trace,33554432,13,4096
171,436908032,595,trace_trial1.csv,cfg18,filled_then_reset_trace,33554432,13,4096
172,436912128,595,trace_trial1.csv,cfg18,filled_then_reset_trace,33554432,13,4096
173,436916224,603,trace_trial1.csv,cfg18,filled_then_reset_trace,33554432,13,4096
174,436920320,596,trace_trial1.csv,cfg18,filled_then_reset_trace,33554432,13,4096
175,436924416,596,trace_trial1.csv,cfg18,filled_then_reset_trace,33554432,13,4096
176,436928512,595,trace_trial1.csv,cfg18,filled_then_reset_trace,33554432,13,4096
177,436932608,597,trace_trial1.csv,cfg18,filled_then_reset_trace,33554432,13,4096
178,436936704,602,trace_trial1.csv,cfg18,filled_then_reset_trace,33554432,13,4096
179,436940800,595,trace_trial1.csv,cfg18,filled_then_reset_trace,33554432,13,4096
180,436944896,604,trace_trial1.csv,cfg18,filled_then_reset_trace,33554432,13,4096
181,436948992,595,trace_trial1.csv,cfg18,filled_then_reset_trace,33554432,13,4096
182,436953088,590,trace_trial1.csv,cfg18,filled_then_reset_trace,33554432,13,4096
183,436957184,571,trace_trial1.csv,cfg18,filled_then_reset_trace,33554432,13,4096
184,436961280,617,trace_trial1.csv,cfg18,filled_then_reset_trace,33554432,13,4096
185,436965376,596,trace_trial1.csv,cfg18,filled_then_reset_trace,33554432,13,4096
186,436969472,595,trace_trial1.csv,cfg18,filled_then_reset_trace,33554432,13,4096
187,436973568,597,trace_trial1.csv,cfg18,filled_then_reset_trace,33554432,13,4096
188,436977664,594,trace_trial1.csv,cfg18,filled_then_reset_trace,33554432,13,4096
189,436981760,605,trace_trial1.csv,cfg18,filled_then_reset_trace,33554432,13,4096
190,436985856,607,trace_trial1.csv,cfg18,filled_then_reset_trace,33554432,13,4096
191,436989952,596,trace_trial1.csv,cfg18,filled_then_reset_trace,33554432,13,4096
192,436994048,595,trace_trial1.csv,cfg18,filled_then_reset_trace,33554432,13,4096
193,436998144,655,trace_trial1.csv,cfg18,filled_then_reset_trace,33554432,13,4096
194,437002240,593,trace_trial1.csv,cfg18,filled_then_reset_trace,33554432,13,4096
195,437006336,613,trace_trial1.csv,cfg18,filled_then_reset_trace,33554432,13,4096
196,437010432,571,trace_trial1.csv,cfg18,filled_then_reset_trace,33554432,13,4096
197,437014528,599,trace_trial1.csv,cfg18,filled_then_reset_trace,33554432,13,4096
198,437018624,598,trace_trial1.csv,cfg18,filled_then_reset_trace,33554432,13,4096
199,437022720,600,trace_trial1.csv,cfg18,filled_then_reset_trace,33554432,13,4096
200,437026816,601,trace_trial1.csv,cfg18,filled_then_reset_trace,33554432,13,4096
201,437030912,595,trace_trial1.csv,cfg18,filled_then_reset_trace,33554432,13,4096
202,437035008,605,trace_trial1.csv,cfg18,filled_then_reset_trace,33554432,13,4096
203,437039104,596,trace_trial1.csv,cfg18,filled_then_reset_trace,33554432,13,4096
204,437043200,597,trace_trial1.csv,cfg18,filled_then_reset_trace,33554432,13,4096
205,437047296,593,trace_trial1.csv,cfg18,filled_then_reset_trace,33554432,13,4096
206,437051392,664,trace_trial1.csv,cfg18,filled_then_reset_trace,33554432,13,4096
207,437055488,593,trace_trial1.csv,cfg18,filled_then_reset_trace,33554432,13,4096
208,437059584,616,trace_trial1.csv,cfg18,filled_then_reset_trace,33554432,13,4096
209,437063680,571,trace_trial1.csv,cfg18,filled_then_reset_trace,33554432,13,4096
210,437067776,597,trace_trial1.csv,cfg18,filled_then_reset_trace,33554432,13,4096
211,437071872,597,trace_trial1.csv,cfg18,filled_then_reset_trace,33554432,13,4096
212,437075968,598,trace_trial1.csv,cfg18,filled_then_reset_trace,33554432,13,4096
213,437080064,596,trace_trial1.csv,cfg18,filled_then_reset_trace,33554432,13,4096
214,437084160,597,trace_trial1.csv,cfg18,filled_then_reset_trace,33554432,13,4096
215,437088256,602,trace_trial1.csv,cfg18,filled_then_reset_trace,33554432,13,4096
216,437092352,597,trace_trial1.csv,cfg18,filled_then_reset_trace,33554432,13,4096
217,437096448,597,trace_trial1.csv,cfg18,filled_then_reset_trace,33554432,13,4096
218,437100544,593,trace_trial1.csv,cfg18,filled_then_reset_trace,33554432,13,4096
219,437104640,566,trace_trial1.csv,cfg18,filled_then_reset_trace,33554432,13,4096
220,437108736,593,trace_trial1.csv,cfg18,filled_then_reset_trace,33554432,13,4096
221,437112832,598,trace_trial1.csv,cfg18,filled_then_reset_trace,33554432,13,4096
222,437116928,598,trace_trial1.csv,cfg18,filled_then_reset_trace,33554432,13,4096
223,437121024,596,trace_trial1.csv,cfg18,filled_then_reset_trace,33554432,13,4096
224,437125120,595,trace_trial1.csv,cfg18,filled_then_reset_trace,33554432,13,4096
225,437129216,600,trace_trial1.csv,cfg18,filled_then_reset_trace,33554432,13,4096
226,437133312,597,trace_trial1.csv,cfg18,filled_then_reset_trace,33554432,13,4096
227,437137408,604,trace_trial1.csv,cfg18,filled_then_reset_trace,33554432,13,4096
228,437141504,593,trace_trial1.csv,cfg18,filled_then_reset_trace,33554432,13,4096
229,437145600,596,trace_trial1.csv,cfg18,filled_then_reset_trace,33554432,13,4096
230,437149696,595,trace_trial1.csv,cfg18,filled_then_reset_trace,33554432,13,4096
231,437153792,595,trace_trial1.csv,cfg18,filled_then_reset_trace,33554432,13,4096
232,437157888,571,trace_trial1.csv,cfg18,filled_then_reset_trace,33554432,13,4096
233,437161984,596,trace_trial1.csv,cfg18,filled_then_reset_trace,33554432,13,4096
234,437166080,597,trace_trial1.csv,cfg18,filled_then_reset_trace,33554432,13,4096
235,437170176,599,trace_trial1.csv,cfg18,filled_then_reset_trace,33554432,13,4096
236,437174272,595,trace_trial1.csv,cfg18,filled_then_reset_trace,33554432,13,4096
237,437178368,597,trace_trial1.csv,cfg18,filled_then_reset_trace,33554432,13,4096
238,437182464,597,trace_trial1.csv,cfg18,filled_then_reset_trace,33554432,13,4096
239,437186560,605,trace_trial1.csv,cfg18,filled_then_reset_trace,33554432,13,4096
240,437190656,596,trace_trial1.csv,cfg18,filled_then_reset_trace,33554432,13,4096
241,437194752,595,trace_trial1.csv,cfg18,filled_then_reset_trace,33554432,13,4096
242,437198848,571,trace_trial1.csv,cfg18,filled_then_reset_trace,33554432,13,4096
243,437202944,591,trace_trial1.csv,cfg18,filled_then_reset_trace,33554432,13,4096
244,437207040,597,trace_trial1.csv,cfg18,filled_then_reset_trace,33554432,13,4096
245,437211136,594,trace_trial1.csv,cfg18,filled_then_reset_trace,33554432,13,4096
246,437215232,596,trace_trial1.csv,cfg18,filled_then_reset_trace,33554432,13,4096
247,437219328,598,trace_trial1.csv,cfg18,filled_then_reset_trace,33554432,13,4096
248,437223424,598,trace_trial1.csv,cfg18,filled_then_reset_trace,33554432,13,4096
249,437227520,597,trace_trial1.csv,cfg18,filled_then_reset_trace,33554432,13,4096
250,437231616,595,trace_trial1.csv,cfg18,filled_then_reset_trace,33554432,13,4096
251,437235712,603,trace_trial1.csv,cfg18,filled_then_reset_trace,33554432,13,4096
252,437239808,603,trace_trial1.csv,cfg18,filled_then_reset_trace,33554432,13,4096
253,437243904,599,trace_trial1.csv,cfg18,filled_then_reset_trace,33554432,13,4096
254,437248000,595,trace_trial1.csv,cfg18,filled_then_reset_trace,33554432,13,4096
255,437252096,571,trace_trial1.csv,cfg18,filled_then_reset_trace,33554432,13,4096
0,436207616,733,trace_trial2.csv,cfg18,filled_then_reset_trace,33554432,13,4096
1,436211712,601,trace_trial2.csv,cfg18,filled_then_reset_trace,33554432,13,4096
2,436215808,591,trace_trial2.csv,cfg18,filled_then_reset_trace,33554432,13,4096
3,436219904,558,trace_trial2.csv,cfg18,filled_then_reset_trace,33554432,13,4096
4,436224000,590,trace_trial2.csv,cfg18,filled_then_reset_trace,33554432,13,4096
5,436228096,589,trace_trial2.csv,cfg18,filled_then_reset_trace,33554432,13,4096
6,436232192,593,trace_trial2.csv,cfg18,filled_then_reset_trace,33554432,13,4096
7,436236288,592,trace_trial2.csv,cfg18,filled_then_reset_trace,33554432,13,4096
8,436240384,590,trace_trial2.csv,cfg18,filled_then_reset_trace,33554432,13,4096
9,436244480,614,trace_trial2.csv,cfg18,filled_then_reset_trace,33554432,13,4096
10,436248576,594,trace_trial2.csv,cfg18,filled_then_reset_trace,33554432,13,4096
11,436252672,592,trace_trial2.csv,cfg18,filled_then_reset_trace,33554432,13,4096
12,436256768,591,trace_trial2.csv,cfg18,filled_then_reset_trace,33554432,13,4096
13,436260864,598,trace_trial2.csv,cfg18,filled_then_reset_trace,33554432,13,4096
14,436264960,594,trace_trial2.csv,cfg18,filled_then_reset_trace,33554432,13,4096
15,436269056,567,trace_trial2.csv,cfg18,filled_then_reset_trace,33554432,13,4096
16,436273152,559,trace_trial2.csv,cfg18,filled_then_reset_trace,33554432,13,4096
17,436277248,586,trace_trial2.csv,cfg18,filled_then_reset_trace,33554432,13,4096
18,436281344,592,trace_trial2.csv,cfg18,filled_then_reset_trace,33554432,13,4096
19,436285440,594,trace_trial2.csv,cfg18,filled_then_reset_trace,33554432,13,4096
20,436289536,567,trace_trial2.csv,cfg18,filled_then_reset_trace,33554432,13,4096
21,436293632,589,trace_trial2.csv,cfg18,filled_then_reset_trace,33554432,13,4096
22,436297728,628,trace_trial2.csv,cfg18,filled_then_reset_trace,33554432,13,4096
23,436301824,599,trace_trial2.csv,cfg18,filled_then_reset_trace,33554432,13,4096
24,436305920,588,trace_trial2.csv,cfg18,filled_then_reset_trace,33554432,13,4096
25,436310016,557,trace_trial2.csv,cfg18,filled_then_reset_trace,33554432,13,4096
26,436314112,585,trace_trial2.csv,cfg18,filled_then_reset_trace,33554432,13,4096
27,436318208,599,trace_trial2.csv,cfg18,filled_then_reset_trace,33554432,13,4096
28,436322304,581,trace_trial2.csv,cfg18,filled_then_reset_trace,33554432,13,4096
29,436326400,595,trace_trial2.csv,cfg18,filled_then_reset_trace,33554432,13,4096
30,436330496,592,trace_trial2.csv,cfg18,filled_then_reset_trace,33554432,13,4096
31,436334592,591,trace_trial2.csv,cfg18,filled_then_reset_trace,33554432,13,4096
32,436338688,593,trace_trial2.csv,cfg18,filled_then_reset_trace,33554432,13,4096
33,436342784,572,trace_trial2.csv,cfg18,filled_then_reset_trace,33554432,13,4096
34,436346880,597,trace_trial2.csv,cfg18,filled_then_reset_trace,33554432,13,4096
35,436350976,556,trace_trial2.csv,cfg18,filled_then_reset_trace,33554432,13,4096
36,436355072,552,trace_trial2.csv,cfg18,filled_then_reset_trace,33554432,13,4096
37,436359168,586,trace_trial2.csv,cfg18,filled_then_reset_trace,33554432,13,4096
38,436363264,591,trace_trial2.csv,cfg18,filled_then_reset_trace,33554432,13,4096
39,436367360,617,trace_trial2.csv,cfg18,filled_then_reset_trace,33554432,13,4096
40,436371456,566,trace_trial2.csv,cfg18,filled_then_reset_trace,33554432,13,4096
41,436375552,582,trace_trial2.csv,cfg18,filled_then_reset_trace,33554432,13,4096
42,436379648,638,trace_trial2.csv,cfg18,filled_then_reset_trace,33554432,13,4096
43,436383744,637,trace_trial2.csv,cfg18,filled_then_reset_trace,33554432,13,4096
44,436387840,590,trace_trial2.csv,cfg18,filled_then_reset_trace,33554432,13,4096
45,436391936,556,trace_trial2.csv,cfg18,filled_then_reset_trace,33554432,13,4096
46,436396032,585,trace_trial2.csv,cfg18,filled_then_reset_trace,33554432,13,4096
47,436400128,590,trace_trial2.csv,cfg18,filled_then_reset_trace,33554432,13,4096
48,436404224,570,trace_trial2.csv,cfg18,filled_then_reset_trace,33554432,13,4096
49,436408320,593,trace_trial2.csv,cfg18,filled_then_reset_trace,33554432,13,4096
50,436412416,593,trace_trial2.csv,cfg18,filled_then_reset_trace,33554432,13,4096
51,436416512,592,trace_trial2.csv,cfg18,filled_then_reset_trace,33554432,13,4096
52,436420608,591,trace_trial2.csv,cfg18,filled_then_reset_trace,33554432,13,4096
53,436424704,565,trace_trial2.csv,cfg18,filled_then_reset_trace,33554432,13,4096
54,436428800,595,trace_trial2.csv,cfg18,filled_then_reset_trace,33554432,13,4096
55,436432896,560,trace_trial2.csv,cfg18,filled_then_reset_trace,33554432,13,4096
56,436436992,554,trace_trial2.csv,cfg18,filled_then_reset_trace,33554432,13,4096
57,436441088,595,trace_trial2.csv,cfg18,filled_then_reset_trace,33554432,13,4096
58,436445184,589,trace_trial2.csv,cfg18,filled_then_reset_trace,33554432,13,4096
59,436449280,610,trace_trial2.csv,cfg18,filled_then_reset_trace,33554432,13,4096
60,436453376,566,trace_trial2.csv,cfg18,filled_then_reset_trace,33554432,13,4096
61,436457472,589,trace_trial2.csv,cfg18,filled_then_reset_trace,33554432,13,4096
62,436461568,631,trace_trial2.csv,cfg18,filled_then_reset_trace,33554432,13,4096
63,436465664,602,trace_trial2.csv,cfg18,filled_then_reset_trace,33554432,13,4096
64,436469760,589,trace_trial2.csv,cfg18,filled_then_reset_trace,33554432,13,4096
65,436473856,556,trace_trial2.csv,cfg18,filled_then_reset_trace,33554432,13,4096
66,436477952,584,trace_trial2.csv,cfg18,filled_then_reset_trace,33554432,13,4096
67,436482048,590,trace_trial2.csv,cfg18,filled_then_reset_trace,33554432,13,4096
68,436486144,594,trace_trial2.csv,cfg18,filled_then_reset_trace,33554432,13,4096
69,436490240,590,trace_trial2.csv,cfg18,filled_then_reset_trace,33554432,13,4096
70,436494336,589,trace_trial2.csv,cfg18,filled_then_reset_trace,33554432,13,4096
71,436498432,590,trace_trial2.csv,cfg18,filled_then_reset_trace,33554432,13,4096
72,436502528,588,trace_trial2.csv,cfg18,filled_then_reset_trace,33554432,13,4096
73,436506624,573,trace_trial2.csv,cfg18,filled_then_reset_trace,33554432,13,4096
74,436510720,603,trace_trial2.csv,cfg18,filled_then_reset_trace,33554432,13,4096
75,436514816,566,trace_trial2.csv,cfg18,filled_then_reset_trace,33554432,13,4096
76,436518912,552,trace_trial2.csv,cfg18,filled_then_reset_trace,33554432,13,4096
77,436523008,588,trace_trial2.csv,cfg18,filled_then_reset_trace,33554432,13,4096
78,436527104,589,trace_trial2.csv,cfg18,filled_then_reset_trace,33554432,13,4096
79,436531200,611,trace_trial2.csv,cfg18,filled_then_reset_trace,33554432,13,4096
80,436535296,568,trace_trial2.csv,cfg18,filled_then_reset_trace,33554432,13,4096
81,436539392,589,trace_trial2.csv,cfg18,filled_then_reset_trace,33554432,13,4096
82,436543488,634,trace_trial2.csv,cfg18,filled_then_reset_trace,33554432,13,4096
83,436547584,646,trace_trial2.csv,cfg18,filled_then_reset_trace,33554432,13,4096
84,436551680,597,trace_trial2.csv,cfg18,filled_then_reset_trace,33554432,13,4096
85,436555776,587,trace_trial2.csv,cfg18,filled_then_reset_trace,33554432,13,4096
86,436559872,594,trace_trial2.csv,cfg18,filled_then_reset_trace,33554432,13,4096
87,436563968,594,trace_trial2.csv,cfg18,filled_then_reset_trace,33554432,13,4096
88,436568064,596,trace_trial2.csv,cfg18,filled_then_reset_trace,33554432,13,4096
89,436572160,648,trace_trial2.csv,cfg18,filled_then_reset_trace,33554432,13,4096
90,436576256,596,trace_trial2.csv,cfg18,filled_then_reset_trace,33554432,13,4096
91,436580352,592,trace_trial2.csv,cfg18,filled_then_reset_trace,33554432,13,4096
92,436584448,593,trace_trial2.csv,cfg18,filled_then_reset_trace,33554432,13,4096
93,436588544,569,trace_trial2.csv,cfg18,filled_then_reset_trace,33554432,13,4096
94,436592640,592,trace_trial2.csv,cfg18,filled_then_reset_trace,33554432,13,4096
95,436596736,597,trace_trial2.csv,cfg18,filled_then_reset_trace,33554432,13,4096
96,436600832,601,trace_trial2.csv,cfg18,filled_then_reset_trace,33554432,13,4096
97,436604928,601,trace_trial2.csv,cfg18,filled_then_reset_trace,33554432,13,4096
98,436609024,597,trace_trial2.csv,cfg18,filled_then_reset_trace,33554432,13,4096
99,436613120,594,trace_trial2.csv,cfg18,filled_then_reset_trace,33554432,13,4096
100,436617216,593,trace_trial2.csv,cfg18,filled_then_reset_trace,33554432,13,4096
101,436621312,569,trace_trial2.csv,cfg18,filled_then_reset_trace,33554432,13,4096
102,436625408,593,trace_trial2.csv,cfg18,filled_then_reset_trace,33554432,13,4096
103,436629504,558,trace_trial2.csv,cfg18,filled_then_reset_trace,33554432,13,4096
104,436633600,594,trace_trial2.csv,cfg18,filled_then_reset_trace,33554432,13,4096
105,436637696,596,trace_trial2.csv,cfg18,filled_then_reset_trace,33554432,13,4096
106,436641792,598,trace_trial2.csv,cfg18,filled_then_reset_trace,33554432,13,4096
107,436645888,594,trace_trial2.csv,cfg18,filled_then_reset_trace,33554432,13,4096
108,436649984,558,trace_trial2.csv,cfg18,filled_then_reset_trace,33554432,13,4096
109,436654080,590,trace_trial2.csv,cfg18,filled_then_reset_trace,33554432,13,4096
110,436658176,593,trace_trial2.csv,cfg18,filled_then_reset_trace,33554432,13,4096
111,436662272,595,trace_trial2.csv,cfg18,filled_then_reset_trace,33554432,13,4096
112,436666368,595,trace_trial2.csv,cfg18,filled_then_reset_trace,33554432,13,4096
113,436670464,560,trace_trial2.csv,cfg18,filled_then_reset_trace,33554432,13,4096
114,436674560,593,trace_trial2.csv,cfg18,filled_then_reset_trace,33554432,13,4096
115,436678656,593,trace_trial2.csv,cfg18,filled_then_reset_trace,33554432,13,4096
116,436682752,602,trace_trial2.csv,cfg18,filled_then_reset_trace,33554432,13,4096
117,436686848,594,trace_trial2.csv,cfg18,filled_then_reset_trace,33554432,13,4096
118,436690944,562,trace_trial2.csv,cfg18,filled_then_reset_trace,33554432,13,4096
119,436695040,592,trace_trial2.csv,cfg18,filled_then_reset_trace,33554432,13,4096
120,436699136,604,trace_trial2.csv,cfg18,filled_then_reset_trace,33554432,13,4096
121,436703232,565,trace_trial2.csv,cfg18,filled_then_reset_trace,33554432,13,4096
122,436707328,594,trace_trial2.csv,cfg18,filled_then_reset_trace,33554432,13,4096
123,436711424,600,trace_trial2.csv,cfg18,filled_then_reset_trace,33554432,13,4096
124,436715520,600,trace_trial2.csv,cfg18,filled_then_reset_trace,33554432,13,4096
125,436719616,592,trace_trial2.csv,cfg18,filled_then_reset_trace,33554432,13,4096
126,436723712,614,trace_trial2.csv,cfg18,filled_then_reset_trace,33554432,13,4096
127,436727808,593,trace_trial2.csv,cfg18,filled_then_reset_trace,33554432,13,4096
128,436731904,662,trace_trial2.csv,cfg18,filled_then_reset_trace,33554432,13,4096
129,436736000,593,trace_trial2.csv,cfg18,filled_then_reset_trace,33554432,13,4096
130,436740096,596,trace_trial2.csv,cfg18,filled_then_reset_trace,33554432,13,4096
131,436744192,569,trace_trial2.csv,cfg18,filled_then_reset_trace,33554432,13,4096
132,436748288,597,trace_trial2.csv,cfg18,filled_then_reset_trace,33554432,13,4096
133,436752384,593,trace_trial2.csv,cfg18,filled_then_reset_trace,33554432,13,4096
134,436756480,598,trace_trial2.csv,cfg18,filled_then_reset_trace,33554432,13,4096
135,436760576,597,trace_trial2.csv,cfg18,filled_then_reset_trace,33554432,13,4096
136,436764672,597,trace_trial2.csv,cfg18,filled_then_reset_trace,33554432,13,4096
137,436768768,595,trace_trial2.csv,cfg18,filled_then_reset_trace,33554432,13,4096
138,436772864,593,trace_trial2.csv,cfg18,filled_then_reset_trace,33554432,13,4096
139,436776960,595,trace_trial2.csv,cfg18,filled_then_reset_trace,33554432,13,4096
140,436781056,593,trace_trial2.csv,cfg18,filled_then_reset_trace,33554432,13,4096
141,436785152,558,trace_trial2.csv,cfg18,filled_then_reset_trace,33554432,13,4096
142,436789248,593,trace_trial2.csv,cfg18,filled_then_reset_trace,33554432,13,4096
143,436793344,595,trace_trial2.csv,cfg18,filled_then_reset_trace,33554432,13,4096
144,436797440,595,trace_trial2.csv,cfg18,filled_then_reset_trace,33554432,13,4096
145,436801536,593,trace_trial2.csv,cfg18,filled_then_reset_trace,33554432,13,4096
146,436805632,595,trace_trial2.csv,cfg18,filled_then_reset_trace,33554432,13,4096
147,436809728,594,trace_trial2.csv,cfg18,filled_then_reset_trace,33554432,13,4096
148,436813824,597,trace_trial2.csv,cfg18,filled_then_reset_trace,33554432,13,4096
149,436817920,596,trace_trial2.csv,cfg18,filled_then_reset_trace,33554432,13,4096
150,436822016,593,trace_trial2.csv,cfg18,filled_then_reset_trace,33554432,13,4096
151,436826112,568,trace_trial2.csv,cfg18,filled_then_reset_trace,33554432,13,4096
152,436830208,592,trace_trial2.csv,cfg18,filled_then_reset_trace,33554432,13,4096
153,436834304,596,trace_trial2.csv,cfg18,filled_then_reset_trace,33554432,13,4096
154,436838400,595,trace_trial2.csv,cfg18,filled_then_reset_trace,33554432,13,4096
155,436842496,595,trace_trial2.csv,cfg18,filled_then_reset_trace,33554432,13,4096
156,436846592,597,trace_trial2.csv,cfg18,filled_then_reset_trace,33554432,13,4096
157,436850688,595,trace_trial2.csv,cfg18,filled_then_reset_trace,33554432,13,4096
158,436854784,592,trace_trial2.csv,cfg18,filled_then_reset_trace,33554432,13,4096
159,436858880,595,trace_trial2.csv,cfg18,filled_then_reset_trace,33554432,13,4096
160,436862976,592,trace_trial2.csv,cfg18,filled_then_reset_trace,33554432,13,4096
161,436867072,628,trace_trial2.csv,cfg18,filled_then_reset_trace,33554432,13,4096
162,436871168,594,trace_trial2.csv,cfg18,filled_then_reset_trace,33554432,13,4096
163,436875264,594,trace_trial2.csv,cfg18,filled_then_reset_trace,33554432,13,4096
164,436879360,570,trace_trial2.csv,cfg18,filled_then_reset_trace,33554432,13,4096
165,436883456,597,trace_trial2.csv,cfg18,filled_then_reset_trace,33554432,13,4096
166,436887552,595,trace_trial2.csv,cfg18,filled_then_reset_trace,33554432,13,4096
167,436891648,600,trace_trial2.csv,cfg18,filled_then_reset_trace,33554432,13,4096
168,436895744,596,trace_trial2.csv,cfg18,filled_then_reset_trace,33554432,13,4096
169,436899840,593,trace_trial2.csv,cfg18,filled_then_reset_trace,33554432,13,4096
170,436903936,593,trace_trial2.csv,cfg18,filled_then_reset_trace,33554432,13,4096
171,436908032,594,trace_trial2.csv,cfg18,filled_then_reset_trace,33554432,13,4096
172,436912128,595,trace_trial2.csv,cfg18,filled_then_reset_trace,33554432,13,4096
173,436916224,595,trace_trial2.csv,cfg18,filled_then_reset_trace,33554432,13,4096
174,436920320,558,trace_trial2.csv,cfg18,filled_then_reset_trace,33554432,13,4096
175,436924416,592,trace_trial2.csv,cfg18,filled_then_reset_trace,33554432,13,4096
176,436928512,594,trace_trial2.csv,cfg18,filled_then_reset_trace,33554432,13,4096
177,436932608,594,trace_trial2.csv,cfg18,filled_then_reset_trace,33554432,13,4096
178,436936704,595,trace_trial2.csv,cfg18,filled_then_reset_trace,33554432,13,4096
179,436940800,597,trace_trial2.csv,cfg18,filled_then_reset_trace,33554432,13,4096
180,436944896,596,trace_trial2.csv,cfg18,filled_then_reset_trace,33554432,13,4096
181,436948992,595,trace_trial2.csv,cfg18,filled_then_reset_trace,33554432,13,4096
182,436953088,595,trace_trial2.csv,cfg18,filled_then_reset_trace,33554432,13,4096
183,436957184,593,trace_trial2.csv,cfg18,filled_then_reset_trace,33554432,13,4096
184,436961280,564,trace_trial2.csv,cfg18,filled_then_reset_trace,33554432,13,4096
185,436965376,592,trace_trial2.csv,cfg18,filled_then_reset_trace,33554432,13,4096
186,436969472,597,trace_trial2.csv,cfg18,filled_then_reset_trace,33554432,13,4096
187,436973568,595,trace_trial2.csv,cfg18,filled_then_reset_trace,33554432,13,4096
188,436977664,593,trace_trial2.csv,cfg18,filled_then_reset_trace,33554432,13,4096
189,436981760,596,trace_trial2.csv,cfg18,filled_then_reset_trace,33554432,13,4096
190,436985856,596,trace_trial2.csv,cfg18,filled_then_reset_trace,33554432,13,4096
191,436989952,595,trace_trial2.csv,cfg18,filled_then_reset_trace,33554432,13,4096
192,436994048,593,trace_trial2.csv,cfg18,filled_then_reset_trace,33554432,13,4096
193,436998144,594,trace_trial2.csv,cfg18,filled_then_reset_trace,33554432,13,4096
194,437002240,626,trace_trial2.csv,cfg18,filled_then_reset_trace,33554432,13,4096
195,437006336,593,trace_trial2.csv,cfg18,filled_then_reset_trace,33554432,13,4096
196,437010432,617,trace_trial2.csv,cfg18,filled_then_reset_trace,33554432,13,4096
197,437014528,571,trace_trial2.csv,cfg18,filled_then_reset_trace,33554432,13,4096
198,437018624,595,trace_trial2.csv,cfg18,filled_then_reset_trace,33554432,13,4096
199,437022720,601,trace_trial2.csv,cfg18,filled_then_reset_trace,33554432,13,4096
200,437026816,629,trace_trial2.csv,cfg18,filled_then_reset_trace,33554432,13,4096
201,437030912,596,trace_trial2.csv,cfg18,filled_then_reset_trace,33554432,13,4096
202,437035008,606,trace_trial2.csv,cfg18,filled_then_reset_trace,33554432,13,4096
203,437039104,595,trace_trial2.csv,cfg18,filled_then_reset_trace,33554432,13,4096
204,437043200,596,trace_trial2.csv,cfg18,filled_then_reset_trace,33554432,13,4096
205,437047296,594,trace_trial2.csv,cfg18,filled_then_reset_trace,33554432,13,4096
206,437051392,591,trace_trial2.csv,cfg18,filled_then_reset_trace,33554432,13,4096
207,437055488,653,trace_trial2.csv,cfg18,filled_then_reset_trace,33554432,13,4096
208,437059584,593,trace_trial2.csv,cfg18,filled_then_reset_trace,33554432,13,4096
209,437063680,613,trace_trial2.csv,cfg18,filled_then_reset_trace,33554432,13,4096
210,437067776,569,trace_trial2.csv,cfg18,filled_then_reset_trace,33554432,13,4096
211,437071872,596,trace_trial2.csv,cfg18,filled_then_reset_trace,33554432,13,4096
212,437075968,596,trace_trial2.csv,cfg18,filled_then_reset_trace,33554432,13,4096
213,437080064,600,trace_trial2.csv,cfg18,filled_then_reset_trace,33554432,13,4096
214,437084160,596,trace_trial2.csv,cfg18,filled_then_reset_trace,33554432,13,4096
215,437088256,592,trace_trial2.csv,cfg18,filled_then_reset_trace,33554432,13,4096
216,437092352,595,trace_trial2.csv,cfg18,filled_then_reset_trace,33554432,13,4096
217,437096448,593,trace_trial2.csv,cfg18,filled_then_reset_trace,33554432,13,4096
218,437100544,595,trace_trial2.csv,cfg18,filled_then_reset_trace,33554432,13,4096
219,437104640,592,trace_trial2.csv,cfg18,filled_then_reset_trace,33554432,13,4096
220,437108736,558,trace_trial2.csv,cfg18,filled_then_reset_trace,33554432,13,4096
221,437112832,592,trace_trial2.csv,cfg18,filled_then_reset_trace,33554432,13,4096
222,437116928,595,trace_trial2.csv,cfg18,filled_then_reset_trace,33554432,13,4096
223,437121024,598,trace_trial2.csv,cfg18,filled_then_reset_trace,33554432,13,4096
224,437125120,593,trace_trial2.csv,cfg18,filled_then_reset_trace,33554432,13,4096
225,437129216,595,trace_trial2.csv,cfg18,filled_then_reset_trace,33554432,13,4096
226,437133312,596,trace_trial2.csv,cfg18,filled_then_reset_trace,33554432,13,4096
227,437137408,596,trace_trial2.csv,cfg18,filled_then_reset_trace,33554432,13,4096
228,437141504,594,trace_trial2.csv,cfg18,filled_then_reset_trace,33554432,13,4096
229,437145600,596,trace_trial2.csv,cfg18,filled_then_reset_trace,33554432,13,4096
230,437149696,650,trace_trial2.csv,cfg18,filled_then_reset_trace,33554432,13,4096
231,437153792,592,trace_trial2.csv,cfg18,filled_then_reset_trace,33554432,13,4096
232,437157888,613,trace_trial2.csv,cfg18,filled_then_reset_trace,33554432,13,4096
233,437161984,570,trace_trial2.csv,cfg18,filled_then_reset_trace,33554432,13,4096
234,437166080,597,trace_trial2.csv,cfg18,filled_then_reset_trace,33554432,13,4096
235,437170176,594,trace_trial2.csv,cfg18,filled_then_reset_trace,33554432,13,4096
236,437174272,602,trace_trial2.csv,cfg18,filled_then_reset_trace,33554432,13,4096
237,437178368,596,trace_trial2.csv,cfg18,filled_then_reset_trace,33554432,13,4096
238,437182464,596,trace_trial2.csv,cfg18,filled_then_reset_trace,33554432,13,4096
239,437186560,593,trace_trial2.csv,cfg18,filled_then_reset_trace,33554432,13,4096
240,437190656,596,trace_trial2.csv,cfg18,filled_then_reset_trace,33554432,13,4096
241,437194752,594,trace_trial2.csv,cfg18,filled_then_reset_trace,33554432,13,4096
242,437198848,593,trace_trial2.csv,cfg18,filled_then_reset_trace,33554432,13,4096
243,437202944,559,trace_trial2.csv,cfg18,filled_then_reset_trace,33554432,13,4096
244,437207040,591,trace_trial2.csv,cfg18,filled_then_reset_trace,33554432,13,4096
245,437211136,596,trace_trial2.csv,cfg18,filled_then_reset_trace,33554432,13,4096
246,437215232,593,trace_trial2.csv,cfg18,filled_then_reset_trace,33554432,13,4096
247,437219328,595,trace_trial2.csv,cfg18,filled_then_reset_trace,33554432,13,4096
248,437223424,603,trace_trial2.csv,cfg18,filled_then_reset_trace,33554432,13,4096
249,437227520,594,trace_trial2.csv,cfg18,filled_then_reset_trace,33554432,13,4096
250,437231616,594,trace_trial2.csv,cfg18,filled_then_reset_trace,33554432,13,4096
251,437235712,596,trace_trial2.csv,cfg18,filled_then_reset_trace,33554432,13,4096
252,437239808,592,trace_trial2.csv,cfg18,filled_then_reset_trace,33554432,13,4096
253,437243904,656,trace_trial2.csv,cfg18,filled_then_reset_trace,33554432,13,4096
254,437248000,595,trace_trial2.csv,cfg18,filled_then_reset_trace,33554432,13,4096
255,437252096,615,trace_trial2.csv,cfg18,filled_then_reset_trace,33554432,13,4096
0,436207616,746,trace_trial3.csv,cfg18,filled_then_reset_trace,33554432,13,4096
1,436211712,596,trace_trial3.csv,cfg18,filled_then_reset_trace,33554432,13,4096
2,436215808,591,trace_trial3.csv,cfg18,filled_then_reset_trace,33554432,13,4096
3,436219904,592,trace_trial3.csv,cfg18,filled_then_reset_trace,33554432,13,4096
4,436224000,565,trace_trial3.csv,cfg18,filled_then_reset_trace,33554432,13,4096
5,436228096,592,trace_trial3.csv,cfg18,filled_then_reset_trace,33554432,13,4096
6,436232192,594,trace_trial3.csv,cfg18,filled_then_reset_trace,33554432,13,4096
7,436236288,591,trace_trial3.csv,cfg18,filled_then_reset_trace,33554432,13,4096
8,436240384,592,trace_trial3.csv,cfg18,filled_then_reset_trace,33554432,13,4096
9,436244480,580,trace_trial3.csv,cfg18,filled_then_reset_trace,33554432,13,4096
10,436248576,591,trace_trial3.csv,cfg18,filled_then_reset_trace,33554432,13,4096
11,436252672,641,trace_trial3.csv,cfg18,filled_then_reset_trace,33554432,13,4096
12,436256768,568,trace_trial3.csv,cfg18,filled_then_reset_trace,33554432,13,4096
13,436260864,598,trace_trial3.csv,cfg18,filled_then_reset_trace,33554432,13,4096
14,436264960,585,trace_trial3.csv,cfg18,filled_then_reset_trace,33554432,13,4096
15,436269056,593,trace_trial3.csv,cfg18,filled_then_reset_trace,33554432,13,4096
16,436273152,591,trace_trial3.csv,cfg18,filled_then_reset_trace,33554432,13,4096
17,436277248,557,trace_trial3.csv,cfg18,filled_then_reset_trace,33554432,13,4096
18,436281344,592,trace_trial3.csv,cfg18,filled_then_reset_trace,33554432,13,4096
19,436285440,624,trace_trial3.csv,cfg18,filled_then_reset_trace,33554432,13,4096
20,436289536,575,trace_trial3.csv,cfg18,filled_then_reset_trace,33554432,13,4096
21,436293632,593,trace_trial3.csv,cfg18,filled_then_reset_trace,33554432,13,4096
22,436297728,560,trace_trial3.csv,cfg18,filled_then_reset_trace,33554432,13,4096
23,436301824,587,trace_trial3.csv,cfg18,filled_then_reset_trace,33554432,13,4096
24,436305920,557,trace_trial3.csv,cfg18,filled_then_reset_trace,33554432,13,4096
25,436310016,587,trace_trial3.csv,cfg18,filled_then_reset_trace,33554432,13,4096
26,436314112,621,trace_trial3.csv,cfg18,filled_then_reset_trace,33554432,13,4096
27,436318208,591,trace_trial3.csv,cfg18,filled_then_reset_trace,33554432,13,4096
28,436322304,599,trace_trial3.csv,cfg18,filled_then_reset_trace,33554432,13,4096
29,436326400,640,trace_trial3.csv,cfg18,filled_then_reset_trace,33554432,13,4096
30,436330496,569,trace_trial3.csv,cfg18,filled_then_reset_trace,33554432,13,4096
31,436334592,594,trace_trial3.csv,cfg18,filled_then_reset_trace,33554432,13,4096
32,436338688,595,trace_trial3.csv,cfg18,filled_then_reset_trace,33554432,13,4096
33,436342784,590,trace_trial3.csv,cfg18,filled_then_reset_trace,33554432,13,4096
34,436346880,592,trace_trial3.csv,cfg18,filled_then_reset_trace,33554432,13,4096
35,436350976,566,trace_trial3.csv,cfg18,filled_then_reset_trace,33554432,13,4096
36,436355072,597,trace_trial3.csv,cfg18,filled_then_reset_trace,33554432,13,4096
37,436359168,557,trace_trial3.csv,cfg18,filled_then_reset_trace,33554432,13,4096
38,436363264,590,trace_trial3.csv,cfg18,filled_then_reset_trace,33554432,13,4096
39,436367360,593,trace_trial3.csv,cfg18,filled_then_reset_trace,33554432,13,4096
40,436371456,570,trace_trial3.csv,cfg18,filled_then_reset_trace,33554432,13,4096
41,436375552,591,trace_trial3.csv,cfg18,filled_then_reset_trace,33554432,13,4096
42,436379648,559,trace_trial3.csv,cfg18,filled_then_reset_trace,33554432,13,4096
43,436383744,587,trace_trial3.csv,cfg18,filled_then_reset_trace,33554432,13,4096
44,436387840,557,trace_trial3.csv,cfg18,filled_then_reset_trace,33554432,13,4096
45,436391936,587,trace_trial3.csv,cfg18,filled_then_reset_trace,33554432,13,4096
46,436396032,611,trace_trial3.csv,cfg18,filled_then_reset_trace,33554432,13,4096
47,436400128,568,trace_trial3.csv,cfg18,filled_then_reset_trace,33554432,13,4096
48,436404224,590,trace_trial3.csv,cfg18,filled_then_reset_trace,33554432,13,4096
49,436408320,632,trace_trial3.csv,cfg18,filled_then_reset_trace,33554432,13,4096
50,436412416,580,trace_trial3.csv,cfg18,filled_then_reset_trace,33554432,13,4096
51,436416512,594,trace_trial3.csv,cfg18,filled_then_reset_trace,33554432,13,4096
52,436420608,593,trace_trial3.csv,cfg18,filled_then_reset_trace,33554432,13,4096
53,436424704,591,trace_trial3.csv,cfg18,filled_then_reset_trace,33554432,13,4096
54,436428800,601,trace_trial3.csv,cfg18,filled_then_reset_trace,33554432,13,4096
55,436432896,567,trace_trial3.csv,cfg18,filled_then_reset_trace,33554432,13,4096
56,436436992,592,trace_trial3.csv,cfg18,filled_then_reset_trace,33554432,13,4096
57,436441088,558,trace_trial3.csv,cfg18,filled_then_reset_trace,33554432,13,4096
58,436445184,587,trace_trial3.csv,cfg18,filled_then_reset_trace,33554432,13,4096
59,436449280,593,trace_trial3.csv,cfg18,filled_then_reset_trace,33554432,13,4096
60,436453376,586,trace_trial3.csv,cfg18,filled_then_reset_trace,33554432,13,4096
61,436457472,592,trace_trial3.csv,cfg18,filled_then_reset_trace,33554432,13,4096
62,436461568,560,trace_trial3.csv,cfg18,filled_then_reset_trace,33554432,13,4096
63,436465664,589,trace_trial3.csv,cfg18,filled_then_reset_trace,33554432,13,4096
64,436469760,555,trace_trial3.csv,cfg18,filled_then_reset_trace,33554432,13,4096
65,436473856,587,trace_trial3.csv,cfg18,filled_then_reset_trace,33554432,13,4096
66,436477952,615,trace_trial3.csv,cfg18,filled_then_reset_trace,33554432,13,4096
67,436482048,568,trace_trial3.csv,cfg18,filled_then_reset_trace,33554432,13,4096
68,436486144,593,trace_trial3.csv,cfg18,filled_then_reset_trace,33554432,13,4096
69,436490240,632,trace_trial3.csv,cfg18,filled_then_reset_trace,33554432,13,4096
70,436494336,575,trace_trial3.csv,cfg18,filled_then_reset_trace,33554432,13,4096
71,436498432,593,trace_trial3.csv,cfg18,filled_then_reset_trace,33554432,13,4096
72,436502528,593,trace_trial3.csv,cfg18,filled_then_reset_trace,33554432,13,4096
73,436506624,593,trace_trial3.csv,cfg18,filled_then_reset_trace,33554432,13,4096
74,436510720,589,trace_trial3.csv,cfg18,filled_then_reset_trace,33554432,13,4096
75,436514816,566,trace_trial3.csv,cfg18,filled_then_reset_trace,33554432,13,4096
76,436518912,592,trace_trial3.csv,cfg18,filled_then_reset_trace,33554432,13,4096
77,436523008,570,trace_trial3.csv,cfg18,filled_then_reset_trace,33554432,13,4096
78,436527104,591,trace_trial3.csv,cfg18,filled_then_reset_trace,33554432,13,4096
79,436531200,597,trace_trial3.csv,cfg18,filled_then_reset_trace,33554432,13,4096
80,436535296,639,trace_trial3.csv,cfg18,filled_then_reset_trace,33554432,13,4096
81,436539392,598,trace_trial3.csv,cfg18,filled_then_reset_trace,33554432,13,4096
82,436543488,595,trace_trial3.csv,cfg18,filled_then_reset_trace,33554432,13,4096
83,436547584,598,trace_trial3.csv,cfg18,filled_then_reset_trace,33554432,13,4096
84,436551680,608,trace_trial3.csv,cfg18,filled_then_reset_trace,33554432,13,4096
85,436555776,653,trace_trial3.csv,cfg18,filled_then_reset_trace,33554432,13,4096
86,436559872,596,trace_trial3.csv,cfg18,filled_then_reset_trace,33554432,13,4096
87,436563968,594,trace_trial3.csv,cfg18,filled_then_reset_trace,33554432,13,4096
88,436568064,603,trace_trial3.csv,cfg18,filled_then_reset_trace,33554432,13,4096
89,436572160,596,trace_trial3.csv,cfg18,filled_then_reset_trace,33554432,13,4096
90,436576256,562,trace_trial3.csv,cfg18,filled_then_reset_trace,33554432,13,4096
91,436580352,592,trace_trial3.csv,cfg18,filled_then_reset_trace,33554432,13,4096
92,436584448,594,trace_trial3.csv,cfg18,filled_then_reset_trace,33554432,13,4096
93,436588544,649,trace_trial3.csv,cfg18,filled_then_reset_trace,33554432,13,4096
94,436592640,597,trace_trial3.csv,cfg18,filled_then_reset_trace,33554432,13,4096
95,436596736,597,trace_trial3.csv,cfg18,filled_then_reset_trace,33554432,13,4096
96,436600832,595,trace_trial3.csv,cfg18,filled_then_reset_trace,33554432,13,4096
97,436604928,599,trace_trial3.csv,cfg18,filled_then_reset_trace,33554432,13,4096
98,436609024,611,trace_trial3.csv,cfg18,filled_then_reset_trace,33554432,13,4096
99,436613120,596,trace_trial3.csv,cfg18,filled_then_reset_trace,33554432,13,4096
100,436617216,600,trace_trial3.csv,cfg18,filled_then_reset_trace,33554432,13,4096
101,436621312,597,trace_trial3.csv,cfg18,filled_then_reset_trace,33554432,13,4096
102,436625408,605,trace_trial3.csv,cfg18,filled_then_reset_trace,33554432,13,4096
103,436629504,573,trace_trial3.csv,cfg18,filled_then_reset_trace,33554432,13,4096
104,436633600,597,trace_trial3.csv,cfg18,filled_then_reset_trace,33554432,13,4096
105,436637696,598,trace_trial3.csv,cfg18,filled_then_reset_trace,33554432,13,4096
106,436641792,598,trace_trial3.csv,cfg18,filled_then_reset_trace,33554432,13,4096
107,436645888,596,trace_trial3.csv,cfg18,filled_then_reset_trace,33554432,13,4096
108,436649984,598,trace_trial3.csv,cfg18,filled_then_reset_trace,33554432,13,4096
109,436654080,595,trace_trial3.csv,cfg18,filled_then_reset_trace,33554432,13,4096
110,436658176,596,trace_trial3.csv,cfg18,filled_then_reset_trace,33554432,13,4096
111,436662272,596,trace_trial3.csv,cfg18,filled_then_reset_trace,33554432,13,4096
112,436666368,595,trace_trial3.csv,cfg18,filled_then_reset_trace,33554432,13,4096
113,436670464,655,trace_trial3.csv,cfg18,filled_then_reset_trace,33554432,13,4096
114,436674560,593,trace_trial3.csv,cfg18,filled_then_reset_trace,33554432,13,4096
115,436678656,618,trace_trial3.csv,cfg18,filled_then_reset_trace,33554432,13,4096
116,436682752,572,trace_trial3.csv,cfg18,filled_then_reset_trace,33554432,13,4096
117,436686848,594,trace_trial3.csv,cfg18,filled_then_reset_trace,33554432,13,4096
118,436690944,596,trace_trial3.csv,cfg18,filled_then_reset_trace,33554432,13,4096
119,436695040,600,trace_trial3.csv,cfg18,filled_then_reset_trace,33554432,13,4096
120,436699136,596,trace_trial3.csv,cfg18,filled_then_reset_trace,33554432,13,4096
121,436703232,595,trace_trial3.csv,cfg18,filled_then_reset_trace,33554432,13,4096
122,436707328,596,trace_trial3.csv,cfg18,filled_then_reset_trace,33554432,13,4096
123,436711424,597,trace_trial3.csv,cfg18,filled_then_reset_trace,33554432,13,4096
124,436715520,597,trace_trial3.csv,cfg18,filled_then_reset_trace,33554432,13,4096
125,436719616,595,trace_trial3.csv,cfg18,filled_then_reset_trace,33554432,13,4096
126,436723712,576,trace_trial3.csv,cfg18,filled_then_reset_trace,33554432,13,4096
127,436727808,603,trace_trial3.csv,cfg18,filled_then_reset_trace,33554432,13,4096
128,436731904,596,trace_trial3.csv,cfg18,filled_then_reset_trace,33554432,13,4096
129,436736000,596,trace_trial3.csv,cfg18,filled_then_reset_trace,33554432,13,4096
130,436740096,597,trace_trial3.csv,cfg18,filled_then_reset_trace,33554432,13,4096
131,436744192,595,trace_trial3.csv,cfg18,filled_then_reset_trace,33554432,13,4096
132,436748288,597,trace_trial3.csv,cfg18,filled_then_reset_trace,33554432,13,4096
133,436752384,594,trace_trial3.csv,cfg18,filled_then_reset_trace,33554432,13,4096
134,436756480,595,trace_trial3.csv,cfg18,filled_then_reset_trace,33554432,13,4096
135,436760576,595,trace_trial3.csv,cfg18,filled_then_reset_trace,33554432,13,4096
136,436764672,597,trace_trial3.csv,cfg18,filled_then_reset_trace,33554432,13,4096
137,436768768,602,trace_trial3.csv,cfg18,filled_then_reset_trace,33554432,13,4096
138,436772864,595,trace_trial3.csv,cfg18,filled_then_reset_trace,33554432,13,4096
139,436776960,564,trace_trial3.csv,cfg18,filled_then_reset_trace,33554432,13,4096
140,436781056,594,trace_trial3.csv,cfg18,filled_then_reset_trace,33554432,13,4096
141,436785152,596,trace_trial3.csv,cfg18,filled_then_reset_trace,33554432,13,4096
142,436789248,660,trace_trial3.csv,cfg18,filled_then_reset_trace,33554432,13,4096
143,436793344,609,trace_trial3.csv,cfg18,filled_then_reset_trace,33554432,13,4096
144,436797440,586,trace_trial3.csv,cfg18,filled_then_reset_trace,33554432,13,4096
145,436801536,598,trace_trial3.csv,cfg18,filled_then_reset_trace,33554432,13,4096
146,436805632,596,trace_trial3.csv,cfg18,filled_then_reset_trace,33554432,13,4096
147,436809728,598,trace_trial3.csv,cfg18,filled_then_reset_trace,33554432,13,4096
148,436813824,594,trace_trial3.csv,cfg18,filled_then_reset_trace,33554432,13,4096
149,436817920,620,trace_trial3.csv,cfg18,filled_then_reset_trace,33554432,13,4096
150,436822016,598,trace_trial3.csv,cfg18,filled_then_reset_trace,33554432,13,4096
151,436826112,594,trace_trial3.csv,cfg18,filled_then_reset_trace,33554432,13,4096
152,436830208,572,trace_trial3.csv,cfg18,filled_then_reset_trace,33554432,13,4096
153,436834304,596,trace_trial3.csv,cfg18,filled_then_reset_trace,33554432,13,4096
154,436838400,597,trace_trial3.csv,cfg18,filled_then_reset_trace,33554432,13,4096
155,436842496,597,trace_trial3.csv,cfg18,filled_then_reset_trace,33554432,13,4096
156,436846592,598,trace_trial3.csv,cfg18,filled_then_reset_trace,33554432,13,4096
157,436850688,598,trace_trial3.csv,cfg18,filled_then_reset_trace,33554432,13,4096
158,436854784,594,trace_trial3.csv,cfg18,filled_then_reset_trace,33554432,13,4096
159,436858880,597,trace_trial3.csv,cfg18,filled_then_reset_trace,33554432,13,4096
160,436862976,593,trace_trial3.csv,cfg18,filled_then_reset_trace,33554432,13,4096
161,436867072,595,trace_trial3.csv,cfg18,filled_then_reset_trace,33554432,13,4096
162,436871168,570,trace_trial3.csv,cfg18,filled_then_reset_trace,33554432,13,4096
163,436875264,593,trace_trial3.csv,cfg18,filled_then_reset_trace,33554432,13,4096
164,436879360,598,trace_trial3.csv,cfg18,filled_then_reset_trace,33554432,13,4096
165,436883456,597,trace_trial3.csv,cfg18,filled_then_reset_trace,33554432,13,4096
166,436887552,597,trace_trial3.csv,cfg18,filled_then_reset_trace,33554432,13,4096
167,436891648,596,trace_trial3.csv,cfg18,filled_then_reset_trace,33554432,13,4096
168,436895744,597,trace_trial3.csv,cfg18,filled_then_reset_trace,33554432,13,4096
169,436899840,595,trace_trial3.csv,cfg18,filled_then_reset_trace,33554432,13,4096
170,436903936,597,trace_trial3.csv,cfg18,filled_then_reset_trace,33554432,13,4096
171,436908032,597,trace_trial3.csv,cfg18,filled_then_reset_trace,33554432,13,4096
172,436912128,604,trace_trial3.csv,cfg18,filled_then_reset_trace,33554432,13,4096
173,436916224,593,trace_trial3.csv,cfg18,filled_then_reset_trace,33554432,13,4096
174,436920320,617,trace_trial3.csv,cfg18,filled_then_reset_trace,33554432,13,4096
175,436924416,572,trace_trial3.csv,cfg18,filled_then_reset_trace,33554432,13,4096
176,436928512,597,trace_trial3.csv,cfg18,filled_then_reset_trace,33554432,13,4096
177,436932608,596,trace_trial3.csv,cfg18,filled_then_reset_trace,33554432,13,4096
178,436936704,601,trace_trial3.csv,cfg18,filled_then_reset_trace,33554432,13,4096
179,436940800,597,trace_trial3.csv,cfg18,filled_then_reset_trace,33554432,13,4096
180,436944896,594,trace_trial3.csv,cfg18,filled_then_reset_trace,33554432,13,4096
181,436948992,594,trace_trial3.csv,cfg18,filled_then_reset_trace,33554432,13,4096
182,436953088,597,trace_trial3.csv,cfg18,filled_then_reset_trace,33554432,13,4096
183,436957184,570,trace_trial3.csv,cfg18,filled_then_reset_trace,33554432,13,4096
184,436961280,595,trace_trial3.csv,cfg18,filled_then_reset_trace,33554432,13,4096
185,436965376,560,trace_trial3.csv,cfg18,filled_then_reset_trace,33554432,13,4096
186,436969472,589,trace_trial3.csv,cfg18,filled_then_reset_trace,33554432,13,4096
187,436973568,596,trace_trial3.csv,cfg18,filled_then_reset_trace,33554432,13,4096
188,436977664,584,trace_trial3.csv,cfg18,filled_then_reset_trace,33554432,13,4096
189,436981760,596,trace_trial3.csv,cfg18,filled_then_reset_trace,33554432,13,4096
190,436985856,560,trace_trial3.csv,cfg18,filled_then_reset_trace,33554432,13,4096
191,436989952,638,trace_trial3.csv,cfg18,filled_then_reset_trace,33554432,13,4096
192,436994048,597,trace_trial3.csv,cfg18,filled_then_reset_trace,33554432,13,4096
193,436998144,620,trace_trial3.csv,cfg18,filled_then_reset_trace,33554432,13,4096
194,437002240,595,trace_trial3.csv,cfg18,filled_then_reset_trace,33554432,13,4096
195,437006336,596,trace_trial3.csv,cfg18,filled_then_reset_trace,33554432,13,4096
196,437010432,596,trace_trial3.csv,cfg18,filled_then_reset_trace,33554432,13,4096
197,437014528,598,trace_trial3.csv,cfg18,filled_then_reset_trace,33554432,13,4096
198,437018624,602,trace_trial3.csv,cfg18,filled_then_reset_trace,33554432,13,4096
199,437022720,596,trace_trial3.csv,cfg18,filled_then_reset_trace,33554432,13,4096
200,437026816,594,trace_trial3.csv,cfg18,filled_then_reset_trace,33554432,13,4096
201,437030912,594,trace_trial3.csv,cfg18,filled_then_reset_trace,33554432,13,4096
202,437035008,594,trace_trial3.csv,cfg18,filled_then_reset_trace,33554432,13,4096
203,437039104,571,trace_trial3.csv,cfg18,filled_then_reset_trace,33554432,13,4096
204,437043200,596,trace_trial3.csv,cfg18,filled_then_reset_trace,33554432,13,4096
205,437047296,594,trace_trial3.csv,cfg18,filled_then_reset_trace,33554432,13,4096
206,437051392,598,trace_trial3.csv,cfg18,filled_then_reset_trace,33554432,13,4096
207,437055488,596,trace_trial3.csv,cfg18,filled_then_reset_trace,33554432,13,4096
208,437059584,595,trace_trial3.csv,cfg18,filled_then_reset_trace,33554432,13,4096
209,437063680,597,trace_trial3.csv,cfg18,filled_then_reset_trace,33554432,13,4096
210,437067776,597,trace_trial3.csv,cfg18,filled_then_reset_trace,33554432,13,4096
211,437071872,600,trace_trial3.csv,cfg18,filled_then_reset_trace,33554432,13,4096
212,437075968,594,trace_trial3.csv,cfg18,filled_then_reset_trace,33554432,13,4096
213,437080064,561,trace_trial3.csv,cfg18,filled_then_reset_trace,33554432,13,4096
214,437084160,591,trace_trial3.csv,cfg18,filled_then_reset_trace,33554432,13,4096
215,437088256,597,trace_trial3.csv,cfg18,filled_then_reset_trace,33554432,13,4096
216,437092352,596,trace_trial3.csv,cfg18,filled_then_reset_trace,33554432,13,4096
217,437096448,597,trace_trial3.csv,cfg18,filled_then_reset_trace,33554432,13,4096
218,437100544,595,trace_trial3.csv,cfg18,filled_then_reset_trace,33554432,13,4096
219,437104640,596,trace_trial3.csv,cfg18,filled_then_reset_trace,33554432,13,4096
220,437108736,597,trace_trial3.csv,cfg18,filled_then_reset_trace,33554432,13,4096
221,437112832,598,trace_trial3.csv,cfg18,filled_then_reset_trace,33554432,13,4096
222,437116928,593,trace_trial3.csv,cfg18,filled_then_reset_trace,33554432,13,4096
223,437121024,614,trace_trial3.csv,cfg18,filled_then_reset_trace,33554432,13,4096
224,437125120,592,trace_trial3.csv,cfg18,filled_then_reset_trace,33554432,13,4096
225,437129216,617,trace_trial3.csv,cfg18,filled_then_reset_trace,33554432,13,4096
226,437133312,571,trace_trial3.csv,cfg18,filled_then_reset_trace,33554432,13,4096
227,437137408,597,trace_trial3.csv,cfg18,filled_then_reset_trace,33554432,13,4096
228,437141504,596,trace_trial3.csv,cfg18,filled_then_reset_trace,33554432,13,4096
229,437145600,598,trace_trial3.csv,cfg18,filled_then_reset_trace,33554432,13,4096
230,437149696,597,trace_trial3.csv,cfg18,filled_then_reset_trace,33554432,13,4096
231,437153792,596,trace_trial3.csv,cfg18,filled_then_reset_trace,33554432,13,4096
232,437157888,595,trace_trial3.csv,cfg18,filled_then_reset_trace,33554432,13,4096
233,437161984,597,trace_trial3.csv,cfg18,filled_then_reset_trace,33554432,13,4096
234,437166080,596,trace_trial3.csv,cfg18,filled_then_reset_trace,33554432,13,4096
235,437170176,605,trace_trial3.csv,cfg18,filled_then_reset_trace,33554432,13,4096
236,437174272,584,trace_trial3.csv,cfg18,filled_then_reset_trace,33554432,13,4096
237,437178368,597,trace_trial3.csv,cfg18,filled_then_reset_trace,33554432,13,4096
238,437182464,616,trace_trial3.csv,cfg18,filled_then_reset_trace,33554432,13,4096
239,437186560,612,trace_trial3.csv,cfg18,filled_then_reset_trace,33554432,13,4096
240,437190656,596,trace_trial3.csv,cfg18,filled_then_reset_trace,33554432,13,4096
241,437194752,599,trace_trial3.csv,cfg18,filled_then_reset_trace,33554432,13,4096
242,437198848,606,trace_trial3.csv,cfg18,filled_then_reset_trace,33554432,13,4096
243,437202944,595,trace_trial3.csv,cfg18,filled_then_reset_trace,33554432,13,4096
244,437207040,597,trace_trial3.csv,cfg18,filled_then_reset_trace,33554432,13,4096
245,437211136,594,trace_trial3.csv,cfg18,filled_then_reset_trace,33554432,13,4096
246,437215232,593,trace_trial3.csv,cfg18,filled_then_reset_trace,33554432,13,4096
247,437219328,570,trace_trial3.csv,cfg18,filled_then_reset_trace,33554432,13,4096
248,437223424,654,trace_trial3.csv,cfg18,filled_then_reset_trace,33554432,13,4096
249,437227520,599,trace_trial3.csv,cfg18,filled_then_reset_trace,33554432,13,4096
250,437231616,597,trace_trial3.csv,cfg18,filled_then_reset_trace,33554432,13,4096
251,437235712,594,trace_trial3.csv,cfg18,filled_then_reset_trace,33554432,13,4096
252,437239808,600,trace_trial3.csv,cfg18,filled_then_reset_trace,33554432,13,4096
253,437243904,595,trace_trial3.csv,cfg18,filled_then_reset_trace,33554432,13,4096
254,437248000,609,trace_trial3.csv,cfg18,filled_then_reset_trace,33554432,13,4096
255,437252096,594,trace_trial3.csv,cfg18,filled_then_reset_trace,33554432,13,4096
0,436207616,703,trace_trial4.csv,cfg18,filled_then_reset_trace,33554432,13,4096
1,436211712,640,trace_trial4.csv,cfg18,filled_then_reset_trace,33554432,13,4096
2,436215808,651,trace_trial4.csv,cfg18,filled_then_reset_trace,33554432,13,4096
3,436219904,574,trace_trial4.csv,cfg18,filled_then_reset_trace,33554432,13,4096
4,436224000,635,trace_trial4.csv,cfg18,filled_then_reset_trace,33554432,13,4096
5,436228096,609,trace_trial4.csv,cfg18,filled_then_reset_trace,33554432,13,4096
6,436232192,583,trace_trial4.csv,cfg18,filled_then_reset_trace,33554432,13,4096
7,436236288,638,trace_trial4.csv,cfg18,filled_then_reset_trace,33554432,13,4096
8,436240384,595,trace_trial4.csv,cfg18,filled_then_reset_trace,33554432,13,4096
9,436244480,633,trace_trial4.csv,cfg18,filled_then_reset_trace,33554432,13,4096
10,436248576,612,trace_trial4.csv,cfg18,filled_then_reset_trace,33554432,13,4096
11,436252672,587,trace_trial4.csv,cfg18,filled_then_reset_trace,33554432,13,4096
12,436256768,559,trace_trial4.csv,cfg18,filled_then_reset_trace,33554432,13,4096
13,436260864,629,trace_trial4.csv,cfg18,filled_then_reset_trace,33554432,13,4096
14,436264960,636,trace_trial4.csv,cfg18,filled_then_reset_trace,33554432,13,4096
15,436269056,631,trace_trial4.csv,cfg18,filled_then_reset_trace,33554432,13,4096
16,436273152,566,trace_trial4.csv,cfg18,filled_then_reset_trace,33554432,13,4096
17,436277248,639,trace_trial4.csv,cfg18,filled_then_reset_trace,33554432,13,4096
18,436281344,613,trace_trial4.csv,cfg18,filled_then_reset_trace,33554432,13,4096
19,436285440,639,trace_trial4.csv,cfg18,filled_then_reset_trace,33554432,13,4096
20,436289536,633,trace_trial4.csv,cfg18,filled_then_reset_trace,33554432,13,4096
21,436293632,668,trace_trial4.csv,cfg18,filled_then_reset_trace,33554432,13,4096
22,436297728,651,trace_trial4.csv,cfg18,filled_then_reset_trace,33554432,13,4096
23,436301824,648,trace_trial4.csv,cfg18,filled_then_reset_trace,33554432,13,4096
24,436305920,608,trace_trial4.csv,cfg18,filled_then_reset_trace,33554432,13,4096
25,436310016,645,trace_trial4.csv,cfg18,filled_then_reset_trace,33554432,13,4096
26,436314112,648,trace_trial4.csv,cfg18,filled_then_reset_trace,33554432,13,4096
27,436318208,558,trace_trial4.csv,cfg18,filled_then_reset_trace,33554432,13,4096
28,436322304,629,trace_trial4.csv,cfg18,filled_then_reset_trace,33554432,13,4096
29,436326400,634,trace_trial4.csv,cfg18,filled_then_reset_trace,33554432,13,4096
30,436330496,567,trace_trial4.csv,cfg18,filled_then_reset_trace,33554432,13,4096
31,436334592,559,trace_trial4.csv,cfg18,filled_then_reset_trace,33554432,13,4096
32,436338688,593,trace_trial4.csv,cfg18,filled_then_reset_trace,33554432,13,4096
33,436342784,632,trace_trial4.csv,cfg18,filled_then_reset_trace,33554432,13,4096
34,436346880,616,trace_trial4.csv,cfg18,filled_then_reset_trace,33554432,13,4096
35,436350976,576,trace_trial4.csv,cfg18,filled_then_reset_trace,33554432,13,4096
36,436355072,606,trace_trial4.csv,cfg18,filled_then_reset_trace,33554432,13,4096
37,436359168,581,trace_trial4.csv,cfg18,filled_then_reset_trace,33554432,13,4096
38,436363264,648,trace_trial4.csv,cfg18,filled_then_reset_trace,33554432,13,4096
39,436367360,634,trace_trial4.csv,cfg18,filled_then_reset_trace,33554432,13,4096
40,436371456,558,trace_trial4.csv,cfg18,filled_then_reset_trace,33554432,13,4096
41,436375552,595,trace_trial4.csv,cfg18,filled_then_reset_trace,33554432,13,4096
42,436379648,629,trace_trial4.csv,cfg18,filled_then_reset_trace,33554432,13,4096
43,436383744,587,trace_trial4.csv,cfg18,filled_then_reset_trace,33554432,13,4096
44,436387840,557,trace_trial4.csv,cfg18,filled_then_reset_trace,33554432,13,4096
45,436391936,590,trace_trial4.csv,cfg18,filled_then_reset_trace,33554432,13,4096
46,436396032,637,trace_trial4.csv,cfg18,filled_then_reset_trace,33554432,13,4096
47,436400128,643,trace_trial4.csv,cfg18,filled_then_reset_trace,33554432,13,4096
48,436404224,566,trace_trial4.csv,cfg18,filled_then_reset_trace,33554432,13,4096
49,436408320,633,trace_trial4.csv,cfg18,filled_then_reset_trace,33554432,13,4096
50,436412416,627,trace_trial4.csv,cfg18,filled_then_reset_trace,33554432,13,4096
51,436416512,650,trace_trial4.csv,cfg18,filled_then_reset_trace,33554432,13,4096
52,436420608,638,trace_trial4.csv,cfg18,filled_then_reset_trace,33554432,13,4096
53,436424704,628,trace_trial4.csv,cfg18,filled_then_reset_trace,33554432,13,4096
54,436428800,640,trace_trial4.csv,cfg18,filled_then_reset_trace,33554432,13,4096
55,436432896,638,trace_trial4.csv,cfg18,filled_then_reset_trace,33554432,13,4096
56,436436992,557,trace_trial4.csv,cfg18,filled_then_reset_trace,33554432,13,4096
57,436441088,551,trace_trial4.csv,cfg18,filled_then_reset_trace,33554432,13,4096
58,436445184,634,trace_trial4.csv,cfg18,filled_then_reset_trace,33554432,13,4096
59,436449280,633,trace_trial4.csv,cfg18,filled_then_reset_trace,33554432,13,4096
60,436453376,635,trace_trial4.csv,cfg18,filled_then_reset_trace,33554432,13,4096
61,436457472,634,trace_trial4.csv,cfg18,filled_then_reset_trace,33554432,13,4096
62,436461568,638,trace_trial4.csv,cfg18,filled_then_reset_trace,33554432,13,4096
63,436465664,581,trace_trial4.csv,cfg18,filled_then_reset_trace,33554432,13,4096
64,436469760,634,trace_trial4.csv,cfg18,filled_then_reset_trace,33554432,13,4096
65,436473856,644,trace_trial4.csv,cfg18,filled_then_reset_trace,33554432,13,4096
66,436477952,641,trace_trial4.csv,cfg18,filled_then_reset_trace,33554432,13,4096
67,436482048,643,trace_trial4.csv,cfg18,filled_then_reset_trace,33554432,13,4096
68,436486144,637,trace_trial4.csv,cfg18,filled_then_reset_trace,33554432,13,4096
69,436490240,641,trace_trial4.csv,cfg18,filled_then_reset_trace,33554432,13,4096
70,436494336,589,trace_trial4.csv,cfg18,filled_then_reset_trace,33554432,13,4096
71,436498432,656,trace_trial4.csv,cfg18,filled_then_reset_trace,33554432,13,4096
72,436502528,642,trace_trial4.csv,cfg18,filled_then_reset_trace,33554432,13,4096
73,436506624,638,trace_trial4.csv,cfg18,filled_then_reset_trace,33554432,13,4096
74,436510720,645,trace_trial4.csv,cfg18,filled_then_reset_trace,33554432,13,4096
75,436514816,643,trace_trial4.csv,cfg18,filled_then_reset_trace,33554432,13,4096
76,436518912,644,trace_trial4.csv,cfg18,filled_then_reset_trace,33554432,13,4096
77,436523008,639,trace_trial4.csv,cfg18,filled_then_reset_trace,33554432,13,4096
78,436527104,596,trace_trial4.csv,cfg18,filled_then_reset_trace,33554432,13,4096
79,436531200,637,trace_trial4.csv,cfg18,filled_then_reset_trace,33554432,13,4096
80,436535296,635,trace_trial4.csv,cfg18,filled_then_reset_trace,33554432,13,4096
81,436539392,570,trace_trial4.csv,cfg18,filled_then_reset_trace,33554432,13,4096
82,436543488,632,trace_trial4.csv,cfg18,filled_then_reset_trace,33554432,13,4096
83,436547584,640,trace_trial4.csv,cfg18,filled_then_reset_trace,33554432,13,4096
84,436551680,651,trace_trial4.csv,cfg18,filled_then_reset_trace,33554432,13,4096
85,436555776,648,trace_trial4.csv,cfg18,filled_then_reset_trace,33554432,13,4096
86,436559872,638,trace_trial4.csv,cfg18,filled_then_reset_trace,33554432,13,4096
87,436563968,642,trace_trial4.csv,cfg18,filled_then_reset_trace,33554432,13,4096
88,436568064,643,trace_trial4.csv,cfg18,filled_then_reset_trace,33554432,13,4096
89,436572160,637,trace_trial4.csv,cfg18,filled_then_reset_trace,33554432,13,4096
90,436576256,634,trace_trial4.csv,cfg18,filled_then_reset_trace,33554432,13,4096
91,436580352,635,trace_trial4.csv,cfg18,filled_then_reset_trace,33554432,13,4096
92,436584448,628,trace_trial4.csv,cfg18,filled_then_reset_trace,33554432,13,4096
93,436588544,646,trace_trial4.csv,cfg18,filled_then_reset_trace,33554432,13,4096
94,436592640,641,trace_trial4.csv,cfg18,filled_then_reset_trace,33554432,13,4096
95,436596736,641,trace_trial4.csv,cfg18,filled_then_reset_trace,33554432,13,4096
96,436600832,652,trace_trial4.csv,cfg18,filled_then_reset_trace,33554432,13,4096
97,436604928,640,trace_trial4.csv,cfg18,filled_then_reset_trace,33554432,13,4096
98,436609024,641,trace_trial4.csv,cfg18,filled_then_reset_trace,33554432,13,4096
99,436613120,639,trace_trial4.csv,cfg18,filled_then_reset_trace,33554432,13,4096
100,436617216,635,trace_trial4.csv,cfg18,filled_then_reset_trace,33554432,13,4096
101,436621312,570,trace_trial4.csv,cfg18,filled_then_reset_trace,33554432,13,4096
102,436625408,640,trace_trial4.csv,cfg18,filled_then_reset_trace,33554432,13,4096
103,436629504,642,trace_trial4.csv,cfg18,filled_then_reset_trace,33554432,13,4096
104,436633600,598,trace_trial4.csv,cfg18,filled_then_reset_trace,33554432,13,4096
105,436637696,645,trace_trial4.csv,cfg18,filled_then_reset_trace,33554432,13,4096
106,436641792,641,trace_trial4.csv,cfg18,filled_then_reset_trace,33554432,13,4096
107,436645888,639,trace_trial4.csv,cfg18,filled_then_reset_trace,33554432,13,4096
108,436649984,650,trace_trial4.csv,cfg18,filled_then_reset_trace,33554432,13,4096
109,436654080,638,trace_trial4.csv,cfg18,filled_then_reset_trace,33554432,13,4096
110,436658176,656,trace_trial4.csv,cfg18,filled_then_reset_trace,33554432,13,4096
111,436662272,636,trace_trial4.csv,cfg18,filled_then_reset_trace,33554432,13,4096
112,436666368,559,trace_trial4.csv,cfg18,filled_then_reset_trace,33554432,13,4096
113,436670464,634,trace_trial4.csv,cfg18,filled_then_reset_trace,33554432,13,4096
114,436674560,644,trace_trial4.csv,cfg18,filled_then_reset_trace,33554432,13,4096
115,436678656,637,trace_trial4.csv,cfg18,filled_then_reset_trace,33554432,13,4096
116,436682752,635,trace_trial4.csv,cfg18,filled_then_reset_trace,33554432,13,4096
117,436686848,641,trace_trial4.csv,cfg18,filled_then_reset_trace,33554432,13,4096
118,436690944,644,trace_trial4.csv,cfg18,filled_then_reset_trace,33554432,13,4096
119,436695040,646,trace_trial4.csv,cfg18,filled_then_reset_trace,33554432,13,4096
120,436699136,645,trace_trial4.csv,cfg18,filled_then_reset_trace,33554432,13,4096
121,436703232,585,trace_trial4.csv,cfg18,filled_then_reset_trace,33554432,13,4096
122,436707328,637,trace_trial4.csv,cfg18,filled_then_reset_trace,33554432,13,4096
123,436711424,638,trace_trial4.csv,cfg18,filled_then_reset_trace,33554432,13,4096
124,436715520,646,trace_trial4.csv,cfg18,filled_then_reset_trace,33554432,13,4096
125,436719616,640,trace_trial4.csv,cfg18,filled_then_reset_trace,33554432,13,4096
126,436723712,637,trace_trial4.csv,cfg18,filled_then_reset_trace,33554432,13,4096
127,436727808,639,trace_trial4.csv,cfg18,filled_then_reset_trace,33554432,13,4096
128,436731904,651,trace_trial4.csv,cfg18,filled_then_reset_trace,33554432,13,4096
129,436736000,639,trace_trial4.csv,cfg18,filled_then_reset_trace,33554432,13,4096
130,436740096,635,trace_trial4.csv,cfg18,filled_then_reset_trace,33554432,13,4096
131,436744192,638,trace_trial4.csv,cfg18,filled_then_reset_trace,33554432,13,4096
132,436748288,578,trace_trial4.csv,cfg18,filled_then_reset_trace,33554432,13,4096
133,436752384,641,trace_trial4.csv,cfg18,filled_then_reset_trace,33554432,13,4096
134,436756480,639,trace_trial4.csv,cfg18,filled_then_reset_trace,33554432,13,4096
135,436760576,642,trace_trial4.csv,cfg18,filled_then_reset_trace,33554432,13,4096
136,436764672,633,trace_trial4.csv,cfg18,filled_then_reset_trace,33554432,13,4096
137,436768768,641,trace_trial4.csv,cfg18,filled_then_reset_trace,33554432,13,4096
138,436772864,640,trace_trial4.csv,cfg18,filled_then_reset_trace,33554432,13,4096
139,436776960,640,trace_trial4.csv,cfg18,filled_then_reset_trace,33554432,13,4096
140,436781056,640,trace_trial4.csv,cfg18,filled_then_reset_trace,33554432,13,4096
141,436785152,638,trace_trial4.csv,cfg18,filled_then_reset_trace,33554432,13,4096
142,436789248,635,trace_trial4.csv,cfg18,filled_then_reset_trace,33554432,13,4096
143,436793344,561,trace_trial4.csv,cfg18,filled_then_reset_trace,33554432,13,4096
144,436797440,592,trace_trial4.csv,cfg18,filled_then_reset_trace,33554432,13,4096
145,436801536,646,trace_trial4.csv,cfg18,filled_then_reset_trace,33554432,13,4096
146,436805632,641,trace_trial4.csv,cfg18,filled_then_reset_trace,33554432,13,4096
147,436809728,640,trace_trial4.csv,cfg18,filled_then_reset_trace,33554432,13,4096
148,436813824,640,trace_trial4.csv,cfg18,filled_then_reset_trace,33554432,13,4096
149,436817920,644,trace_trial4.csv,cfg18,filled_then_reset_trace,33554432,13,4096
150,436822016,642,trace_trial4.csv,cfg18,filled_then_reset_trace,33554432,13,4096
151,436826112,636,trace_trial4.csv,cfg18,filled_then_reset_trace,33554432,13,4096
152,436830208,605,trace_trial4.csv,cfg18,filled_then_reset_trace,33554432,13,4096
153,436834304,640,trace_trial4.csv,cfg18,filled_then_reset_trace,33554432,13,4096
154,436838400,629,trace_trial4.csv,cfg18,filled_then_reset_trace,33554432,13,4096
155,436842496,635,trace_trial4.csv,cfg18,filled_then_reset_trace,33554432,13,4096
156,436846592,638,trace_trial4.csv,cfg18,filled_then_reset_trace,33554432,13,4096
157,436850688,649,trace_trial4.csv,cfg18,filled_then_reset_trace,33554432,13,4096
158,436854784,635,trace_trial4.csv,cfg18,filled_then_reset_trace,33554432,13,4096
159,436858880,638,trace_trial4.csv,cfg18,filled_then_reset_trace,33554432,13,4096
160,436862976,639,trace_trial4.csv,cfg18,filled_then_reset_trace,33554432,13,4096
161,436867072,641,trace_trial4.csv,cfg18,filled_then_reset_trace,33554432,13,4096
162,436871168,640,trace_trial4.csv,cfg18,filled_then_reset_trace,33554432,13,4096
163,436875264,570,trace_trial4.csv,cfg18,filled_then_reset_trace,33554432,13,4096
164,436879360,643,trace_trial4.csv,cfg18,filled_then_reset_trace,33554432,13,4096
165,436883456,638,trace_trial4.csv,cfg18,filled_then_reset_trace,33554432,13,4096
166,436887552,640,trace_trial4.csv,cfg18,filled_then_reset_trace,33554432,13,4096
167,436891648,639,trace_trial4.csv,cfg18,filled_then_reset_trace,33554432,13,4096
168,436895744,660,trace_trial4.csv,cfg18,filled_then_reset_trace,33554432,13,4096
169,436899840,648,trace_trial4.csv,cfg18,filled_then_reset_trace,33554432,13,4096
170,436903936,642,trace_trial4.csv,cfg18,filled_then_reset_trace,33554432,13,4096
171,436908032,643,trace_trial4.csv,cfg18,filled_then_reset_trace,33554432,13,4096
172,436912128,643,trace_trial4.csv,cfg18,filled_then_reset_trace,33554432,13,4096
173,436916224,643,trace_trial4.csv,cfg18,filled_then_reset_trace,33554432,13,4096
174,436920320,628,trace_trial4.csv,cfg18,filled_then_reset_trace,33554432,13,4096
175,436924416,644,trace_trial4.csv,cfg18,filled_then_reset_trace,33554432,13,4096
176,436928512,635,trace_trial4.csv,cfg18,filled_then_reset_trace,33554432,13,4096
177,436932608,636,trace_trial4.csv,cfg18,filled_then_reset_trace,33554432,13,4096
178,436936704,655,trace_trial4.csv,cfg18,filled_then_reset_trace,33554432,13,4096
179,436940800,644,trace_trial4.csv,cfg18,filled_then_reset_trace,33554432,13,4096
180,436944896,638,trace_trial4.csv,cfg18,filled_then_reset_trace,33554432,13,4096
181,436948992,649,trace_trial4.csv,cfg18,filled_then_reset_trace,33554432,13,4096
182,436953088,636,trace_trial4.csv,cfg18,filled_then_reset_trace,33554432,13,4096
183,436957184,570,trace_trial4.csv,cfg18,filled_then_reset_trace,33554432,13,4096
184,436961280,636,trace_trial4.csv,cfg18,filled_then_reset_trace,33554432,13,4096
185,436965376,637,trace_trial4.csv,cfg18,filled_then_reset_trace,33554432,13,4096
186,436969472,635,trace_trial4.csv,cfg18,filled_then_reset_trace,33554432,13,4096
187,436973568,638,trace_trial4.csv,cfg18,filled_then_reset_trace,33554432,13,4096
188,436977664,638,trace_trial4.csv,cfg18,filled_then_reset_trace,33554432,13,4096
189,436981760,644,trace_trial4.csv,cfg18,filled_then_reset_trace,33554432,13,4096
190,436985856,638,trace_trial4.csv,cfg18,filled_then_reset_trace,33554432,13,4096
191,436989952,668,trace_trial4.csv,cfg18,filled_then_reset_trace,33554432,13,4096
192,436994048,646,trace_trial4.csv,cfg18,filled_then_reset_trace,33554432,13,4096
193,436998144,620,trace_trial4.csv,cfg18,filled_then_reset_trace,33554432,13,4096
194,437002240,560,trace_trial4.csv,cfg18,filled_then_reset_trace,33554432,13,4096
195,437006336,638,trace_trial4.csv,cfg18,filled_then_reset_trace,33554432,13,4096
196,437010432,642,trace_trial4.csv,cfg18,filled_then_reset_trace,33554432,13,4096
197,437014528,597,trace_trial4.csv,cfg18,filled_then_reset_trace,33554432,13,4096
198,437018624,643,trace_trial4.csv,cfg18,filled_then_reset_trace,33554432,13,4096
199,437022720,636,trace_trial4.csv,cfg18,filled_then_reset_trace,33554432,13,4096
200,437026816,635,trace_trial4.csv,cfg18,filled_then_reset_trace,33554432,13,4096
201,437030912,637,trace_trial4.csv,cfg18,filled_then_reset_trace,33554432,13,4096
202,437035008,645,trace_trial4.csv,cfg18,filled_then_reset_trace,33554432,13,4096
203,437039104,619,trace_trial4.csv,cfg18,filled_then_reset_trace,33554432,13,4096
204,437043200,643,trace_trial4.csv,cfg18,filled_then_reset_trace,33554432,13,4096
205,437047296,626,trace_trial4.csv,cfg18,filled_then_reset_trace,33554432,13,4096
206,437051392,656,trace_trial4.csv,cfg18,filled_then_reset_trace,33554432,13,4096
207,437055488,640,trace_trial4.csv,cfg18,filled_then_reset_trace,33554432,13,4096
208,437059584,639,trace_trial4.csv,cfg18,filled_then_reset_trace,33554432,13,4096
209,437063680,637,trace_trial4.csv,cfg18,filled_then_reset_trace,33554432,13,4096
210,437067776,643,trace_trial4.csv,cfg18,filled_then_reset_trace,33554432,13,4096
211,437071872,634,trace_trial4.csv,cfg18,filled_then_reset_trace,33554432,13,4096
212,437075968,636,trace_trial4.csv,cfg18,filled_then_reset_trace,33554432,13,4096
213,437080064,637,trace_trial4.csv,cfg18,filled_then_reset_trace,33554432,13,4096
214,437084160,570,trace_trial4.csv,cfg18,filled_then_reset_trace,33554432,13,4096
215,437088256,640,trace_trial4.csv,cfg18,filled_then_reset_trace,33554432,13,4096
216,437092352,636,trace_trial4.csv,cfg18,filled_then_reset_trace,33554432,13,4096
217,437096448,635,trace_trial4.csv,cfg18,filled_then_reset_trace,33554432,13,4096
218,437100544,645,trace_trial4.csv,cfg18,filled_then_reset_trace,33554432,13,4096
219,437104640,638,trace_trial4.csv,cfg18,filled_then_reset_trace,33554432,13,4096
220,437108736,652,trace_trial4.csv,cfg18,filled_then_reset_trace,33554432,13,4096
221,437112832,639,trace_trial4.csv,cfg18,filled_then_reset_trace,33554432,13,4096
222,437116928,643,trace_trial4.csv,cfg18,filled_then_reset_trace,33554432,13,4096
223,437121024,643,trace_trial4.csv,cfg18,filled_then_reset_trace,33554432,13,4096
224,437125120,641,trace_trial4.csv,cfg18,filled_then_reset_trace,33554432,13,4096
225,437129216,635,trace_trial4.csv,cfg18,filled_then_reset_trace,33554432,13,4096
226,437133312,643,trace_trial4.csv,cfg18,filled_then_reset_trace,33554432,13,4096
227,437137408,638,trace_trial4.csv,cfg18,filled_then_reset_trace,33554432,13,4096
228,437141504,640,trace_trial4.csv,cfg18,filled_then_reset_trace,33554432,13,4096
229,437145600,640,trace_trial4.csv,cfg18,filled_then_reset_trace,33554432,13,4096
230,437149696,648,trace_trial4.csv,cfg18,filled_then_reset_trace,33554432,13,4096
231,437153792,638,trace_trial4.csv,cfg18,filled_then_reset_trace,33554432,13,4096
232,437157888,640,trace_trial4.csv,cfg18,filled_then_reset_trace,33554432,13,4096
233,437161984,641,trace_trial4.csv,cfg18,filled_then_reset_trace,33554432,13,4096
234,437166080,569,trace_trial4.csv,cfg18,filled_then_reset_trace,33554432,13,4096
235,437170176,640,trace_trial4.csv,cfg18,filled_then_reset_trace,33554432,13,4096
236,437174272,636,trace_trial4.csv,cfg18,filled_then_reset_trace,33554432,13,4096
237,437178368,643,trace_trial4.csv,cfg18,filled_then_reset_trace,33554432,13,4096
238,437182464,637,trace_trial4.csv,cfg18,filled_then_reset_trace,33554432,13,4096
239,437186560,640,trace_trial4.csv,cfg18,filled_then_reset_trace,33554432,13,4096
240,437190656,636,trace_trial4.csv,cfg18,filled_then_reset_trace,33554432,13,4096
241,437194752,640,trace_trial4.csv,cfg18,filled_then_reset_trace,33554432,13,4096
242,437198848,646,trace_trial4.csv,cfg18,filled_then_reset_trace,33554432,13,4096
243,437202944,645,trace_trial4.csv,cfg18,filled_then_reset_trace,33554432,13,4096
244,437207040,635,trace_trial4.csv,cfg18,filled_then_reset_trace,33554432,13,4096
245,437211136,559,trace_trial4.csv,cfg18,filled_then_reset_trace,33554432,13,4096
246,437215232,596,trace_trial4.csv,cfg18,filled_then_reset_trace,33554432,13,4096
247,437219328,602,trace_trial4.csv,cfg18,filled_then_reset_trace,33554432,13,4096
248,437223424,645,trace_trial4.csv,cfg18,filled_then_reset_trace,33554432,13,4096
249,437227520,638,trace_trial4.csv,cfg18,filled_then_reset_trace,33554432,13,4096
250,437231616,636,trace_trial4.csv,cfg18,filled_then_reset_trace,33554432,13,4096
251,437235712,646,trace_trial4.csv,cfg18,filled_then_reset_trace,33554432,13,4096
252,437239808,644,trace_trial4.csv,cfg18,filled_then_reset_trace,33554432,13,4096
253,437243904,639,trace_trial4.csv,cfg18,filled_then_reset_trace,33554432,13,4096
254,437248000,650,trace_trial4.csv,cfg18,filled_then_reset_trace,33554432,13,4096
255,437252096,638,trace_trial4.csv,cfg18,filled_then_reset_trace,33554432,13,4096
0,436207616,761,trace_trial5.csv,cfg18,filled_then_reset_trace,33554432,13,4096
1,436211712,558,trace_trial5.csv,cfg18,filled_then_reset_trace,33554432,13,4096
2,436215808,622,trace_trial5.csv,cfg18,filled_then_reset_trace,33554432,13,4096
3,436219904,567,trace_trial5.csv,cfg18,filled_then_reset_trace,33554432,13,4096
4,436224000,638,trace_trial5.csv,cfg18,filled_then_reset_trace,33554432,13,4096
5,436228096,649,trace_trial5.csv,cfg18,filled_then_reset_trace,33554432,13,4096
6,436232192,568,trace_trial5.csv,cfg18,filled_then_reset_trace,33554432,13,4096
7,436236288,637,trace_trial5.csv,cfg18,filled_then_reset_trace,33554432,13,4096
8,436240384,661,trace_trial5.csv,cfg18,filled_then_reset_trace,33554432,13,4096
9,436244480,639,trace_trial5.csv,cfg18,filled_then_reset_trace,33554432,13,4096
10,436248576,639,trace_trial5.csv,cfg18,filled_then_reset_trace,33554432,13,4096
11,436252672,639,trace_trial5.csv,cfg18,filled_then_reset_trace,33554432,13,4096
12,436256768,621,trace_trial5.csv,cfg18,filled_then_reset_trace,33554432,13,4096
13,436260864,640,trace_trial5.csv,cfg18,filled_then_reset_trace,33554432,13,4096
14,436264960,582,trace_trial5.csv,cfg18,filled_then_reset_trace,33554432,13,4096
15,436269056,633,trace_trial5.csv,cfg18,filled_then_reset_trace,33554432,13,4096
16,436273152,641,trace_trial5.csv,cfg18,filled_then_reset_trace,33554432,13,4096
17,436277248,568,trace_trial5.csv,cfg18,filled_then_reset_trace,33554432,13,4096
18,436281344,640,trace_trial5.csv,cfg18,filled_then_reset_trace,33554432,13,4096
19,436285440,633,trace_trial5.csv,cfg18,filled_then_reset_trace,33554432,13,4096
20,436289536,559,trace_trial5.csv,cfg18,filled_then_reset_trace,33554432,13,4096
21,436293632,637,trace_trial5.csv,cfg18,filled_then_reset_trace,33554432,13,4096
22,436297728,633,trace_trial5.csv,cfg18,filled_then_reset_trace,33554432,13,4096
23,436301824,642,trace_trial5.csv,cfg18,filled_then_reset_trace,33554432,13,4096
24,436305920,634,trace_trial5.csv,cfg18,filled_then_reset_trace,33554432,13,4096
25,436310016,558,trace_trial5.csv,cfg18,filled_then_reset_trace,33554432,13,4096
26,436314112,637,trace_trial5.csv,cfg18,filled_then_reset_trace,33554432,13,4096
27,436318208,634,trace_trial5.csv,cfg18,filled_then_reset_trace,33554432,13,4096
28,436322304,566,trace_trial5.csv,cfg18,filled_then_reset_trace,33554432,13,4096
29,436326400,658,trace_trial5.csv,cfg18,filled_then_reset_trace,33554432,13,4096
30,436330496,644,trace_trial5.csv,cfg18,filled_then_reset_trace,33554432,13,4096
31,436334592,629,trace_trial5.csv,cfg18,filled_then_reset_trace,33554432,13,4096
32,436338688,590,trace_trial5.csv,cfg18,filled_then_reset_trace,33554432,13,4096
33,436342784,569,trace_trial5.csv,cfg18,filled_then_reset_trace,33554432,13,4096
34,436346880,586,trace_trial5.csv,cfg18,filled_then_reset_trace,33554432,13,4096
35,436350976,590,trace_trial5.csv,cfg18,filled_then_reset_trace,33554432,13,4096
36,436355072,566,trace_trial5.csv,cfg18,filled_then_reset_trace,33554432,13,4096
37,436359168,594,trace_trial5.csv,cfg18,filled_then_reset_trace,33554432,13,4096
38,436363264,558,trace_trial5.csv,cfg18,filled_then_reset_trace,33554432,13,4096
39,436367360,589,trace_trial5.csv,cfg18,filled_then_reset_trace,33554432,13,4096
40,436371456,616,trace_trial5.csv,cfg18,filled_then_reset_trace,33554432,13,4096
41,436375552,617,trace_trial5.csv,cfg18,filled_then_reset_trace,33554432,13,4096
42,436379648,590,trace_trial5.csv,cfg18,filled_then_reset_trace,33554432,13,4096
43,436383744,557,trace_trial5.csv,cfg18,filled_then_reset_trace,33554432,13,4096
44,436387840,600,trace_trial5.csv,cfg18,filled_then_reset_trace,33554432,13,4096
45,436391936,592,trace_trial5.csv,cfg18,filled_then_reset_trace,33554432,13,4096
46,436396032,565,trace_trial5.csv,cfg18,filled_then_reset_trace,33554432,13,4096
47,436400128,591,trace_trial5.csv,cfg18,filled_then_reset_trace,33554432,13,4096
48,436404224,557,trace_trial5.csv,cfg18,filled_then_reset_trace,33554432,13,4096
49,436408320,588,trace_trial5.csv,cfg18,filled_then_reset_trace,33554432,13,4096
50,436412416,732,trace_trial5.csv,cfg18,filled_then_reset_trace,33554432,13,4096
51,436416512,581,trace_trial5.csv,cfg18,filled_then_reset_trace,33554432,13,4096
52,436420608,594,trace_trial5.csv,cfg18,filled_then_reset_trace,33554432,13,4096
53,436424704,635,trace_trial5.csv,cfg18,filled_then_reset_trace,33554432,13,4096
54,436428800,651,trace_trial5.csv,cfg18,filled_then_reset_trace,33554432,13,4096
55,436432896,593,trace_trial5.csv,cfg18,filled_then_reset_trace,33554432,13,4096
56,436436992,557,trace_trial5.csv,cfg18,filled_then_reset_trace,33554432,13,4096
57,436441088,588,trace_trial5.csv,cfg18,filled_then_reset_trace,33554432,13,4096
58,436445184,589,trace_trial5.csv,cfg18,filled_then_reset_trace,33554432,13,4096
59,436449280,567,trace_trial5.csv,cfg18,filled_then_reset_trace,33554432,13,4096
60,436453376,595,trace_trial5.csv,cfg18,filled_then_reset_trace,33554432,13,4096
61,436457472,595,trace_trial5.csv,cfg18,filled_then_reset_trace,33554432,13,4096
62,436461568,597,trace_trial5.csv,cfg18,filled_then_reset_trace,33554432,13,4096
63,436465664,597,trace_trial5.csv,cfg18,filled_then_reset_trace,33554432,13,4096
64,436469760,571,trace_trial5.csv,cfg18,filled_then_reset_trace,33554432,13,4096
65,436473856,605,trace_trial5.csv,cfg18,filled_then_reset_trace,33554432,13,4096
66,436477952,584,trace_trial5.csv,cfg18,filled_then_reset_trace,33554432,13,4096
67,436482048,594,trace_trial5.csv,cfg18,filled_then_reset_trace,33554432,13,4096
68,436486144,594,trace_trial5.csv,cfg18,filled_then_reset_trace,33554432,13,4096
69,436490240,596,trace_trial5.csv,cfg18,filled_then_reset_trace,33554432,13,4096
70,436494336,596,trace_trial5.csv,cfg18,filled_then_reset_trace,33554432,13,4096
71,436498432,658,trace_trial5.csv,cfg18,filled_then_reset_trace,33554432,13,4096
72,436502528,653,trace_trial5.csv,cfg18,filled_then_reset_trace,33554432,13,4096
73,436506624,597,trace_trial5.csv,cfg18,filled_then_reset_trace,33554432,13,4096
74,436510720,597,trace_trial5.csv,cfg18,filled_then_reset_trace,33554432,13,4096
75,436514816,593,trace_trial5.csv,cfg18,filled_then_reset_trace,33554432,13,4096
76,436518912,594,trace_trial5.csv,cfg18,filled_then_reset_trace,33554432,13,4096
77,436523008,569,trace_trial5.csv,cfg18,filled_then_reset_trace,33554432,13,4096
78,436527104,605,trace_trial5.csv,cfg18,filled_then_reset_trace,33554432,13,4096
79,436531200,595,trace_trial5.csv,cfg18,filled_then_reset_trace,33554432,13,4096
80,436535296,598,trace_trial5.csv,cfg18,filled_then_reset_trace,33554432,13,4096
81,436539392,597,trace_trial5.csv,cfg18,filled_then_reset_trace,33554432,13,4096
82,436543488,596,trace_trial5.csv,cfg18,filled_then_reset_trace,33554432,13,4096
83,436547584,597,trace_trial5.csv,cfg18,filled_then_reset_trace,33554432,13,4096
84,436551680,589,trace_trial5.csv,cfg18,filled_then_reset_trace,33554432,13,4096
85,436555776,595,trace_trial5.csv,cfg18,filled_then_reset_trace,33554432,13,4096
86,436559872,615,trace_trial5.csv,cfg18,filled_then_reset_trace,33554432,13,4096
87,436563968,572,trace_trial5.csv,cfg18,filled_then_reset_trace,33554432,13,4096
88,436568064,597,trace_trial5.csv,cfg18,filled_then_reset_trace,33554432,13,4096
89,436572160,612,trace_trial5.csv,cfg18,filled_then_reset_trace,33554432,13,4096
90,436576256,576,trace_trial5.csv,cfg18,filled_then_reset_trace,33554432,13,4096
91,436580352,604,trace_trial5.csv,cfg18,filled_then_reset_trace,33554432,13,4096
92,436584448,564,trace_trial5.csv,cfg18,filled_then_reset_trace,33554432,13,4096
93,436588544,590,trace_trial5.csv,cfg18,filled_then_reset_trace,33554432,13,4096
94,436592640,581,trace_trial5.csv,cfg18,filled_then_reset_trace,33554432,13,4096
95,436596736,596,trace_trial5.csv,cfg18,filled_then_reset_trace,33554432,13,4096
96,436600832,615,trace_trial5.csv,cfg18,filled_then_reset_trace,33554432,13,4096
97,436604928,563,trace_trial5.csv,cfg18,filled_then_reset_trace,33554432,13,4096
98,436609024,590,trace_trial5.csv,cfg18,filled_then_reset_trace,33554432,13,4096
99,436613120,593,trace_trial5.csv,cfg18,filled_then_reset_trace,33554432,13,4096
100,436617216,596,trace_trial5.csv,cfg18,filled_then_reset_trace,33554432,13,4096
101,436621312,597,trace_trial5.csv,cfg18,filled_then_reset_trace,33554432,13,4096
102,436625408,571,trace_trial5.csv,cfg18,filled_then_reset_trace,33554432,13,4096
103,436629504,590,trace_trial5.csv,cfg18,filled_then_reset_trace,33554432,13,4096
104,436633600,625,trace_trial5.csv,cfg18,filled_then_reset_trace,33554432,13,4096
105,436637696,621,trace_trial5.csv,cfg18,filled_then_reset_trace,33554432,13,4096
106,436641792,649,trace_trial5.csv,cfg18,filled_then_reset_trace,33554432,13,4096
107,436645888,589,trace_trial5.csv,cfg18,filled_then_reset_trace,33554432,13,4096
108,436649984,596,trace_trial5.csv,cfg18,filled_then_reset_trace,33554432,13,4096
109,436654080,595,trace_trial5.csv,cfg18,filled_then_reset_trace,33554432,13,4096
110,436658176,563,trace_trial5.csv,cfg18,filled_then_reset_trace,33554432,13,4096
111,436662272,594,trace_trial5.csv,cfg18,filled_then_reset_trace,33554432,13,4096
112,436666368,637,trace_trial5.csv,cfg18,filled_then_reset_trace,33554432,13,4096
113,436670464,595,trace_trial5.csv,cfg18,filled_then_reset_trace,33554432,13,4096
114,436674560,616,trace_trial5.csv,cfg18,filled_then_reset_trace,33554432,13,4096
115,436678656,594,trace_trial5.csv,cfg18,filled_then_reset_trace,33554432,13,4096
116,436682752,597,trace_trial5.csv,cfg18,filled_then_reset_trace,33554432,13,4096
117,436686848,595,trace_trial5.csv,cfg18,filled_then_reset_trace,33554432,13,4096
118,436690944,596,trace_trial5.csv,cfg18,filled_then_reset_trace,33554432,13,4096
119,436695040,595,trace_trial5.csv,cfg18,filled_then_reset_trace,33554432,13,4096
120,436699136,558,trace_trial5.csv,cfg18,filled_then_reset_trace,33554432,13,4096
121,436703232,592,trace_trial5.csv,cfg18,filled_then_reset_trace,33554432,13,4096
122,436707328,596,trace_trial5.csv,cfg18,filled_then_reset_trace,33554432,13,4096
123,436711424,595,trace_trial5.csv,cfg18,filled_then_reset_trace,33554432,13,4096
124,436715520,596,trace_trial5.csv,cfg18,filled_then_reset_trace,33554432,13,4096
125,436719616,595,trace_trial5.csv,cfg18,filled_then_reset_trace,33554432,13,4096
126,436723712,604,trace_trial5.csv,cfg18,filled_then_reset_trace,33554432,13,4096
127,436727808,593,trace_trial5.csv,cfg18,filled_then_reset_trace,33554432,13,4096
128,436731904,595,trace_trial5.csv,cfg18,filled_then_reset_trace,33554432,13,4096
129,436736000,592,trace_trial5.csv,cfg18,filled_then_reset_trace,33554432,13,4096
130,436740096,654,trace_trial5.csv,cfg18,filled_then_reset_trace,33554432,13,4096
131,436744192,596,trace_trial5.csv,cfg18,filled_then_reset_trace,33554432,13,4096
132,436748288,593,trace_trial5.csv,cfg18,filled_then_reset_trace,33554432,13,4096
133,436752384,571,trace_trial5.csv,cfg18,filled_then_reset_trace,33554432,13,4096
134,436756480,596,trace_trial5.csv,cfg18,filled_then_reset_trace,33554432,13,4096
135,436760576,595,trace_trial5.csv,cfg18,filled_then_reset_trace,33554432,13,4096
136,436764672,600,trace_trial5.csv,cfg18,filled_then_reset_trace,33554432,13,4096
137,436768768,596,trace_trial5.csv,cfg18,filled_then_reset_trace,33554432,13,4096
138,436772864,605,trace_trial5.csv,cfg18,filled_then_reset_trace,33554432,13,4096
139,436776960,595,trace_trial5.csv,cfg18,filled_then_reset_trace,33554432,13,4096
140,436781056,598,trace_trial5.csv,cfg18,filled_then_reset_trace,33554432,13,4096
141,436785152,596,trace_trial5.csv,cfg18,filled_then_reset_trace,33554432,13,4096
142,436789248,596,trace_trial5.csv,cfg18,filled_then_reset_trace,33554432,13,4096
143,436793344,579,trace_trial5.csv,cfg18,filled_then_reset_trace,33554432,13,4096
144,436797440,591,trace_trial5.csv,cfg18,filled_then_reset_trace,33554432,13,4096
145,436801536,594,trace_trial5.csv,cfg18,filled_then_reset_trace,33554432,13,4096
146,436805632,595,trace_trial5.csv,cfg18,filled_then_reset_trace,33554432,13,4096
147,436809728,595,trace_trial5.csv,cfg18,filled_then_reset_trace,33554432,13,4096
148,436813824,655,trace_trial5.csv,cfg18,filled_then_reset_trace,33554432,13,4096
149,436817920,594,trace_trial5.csv,cfg18,filled_then_reset_trace,33554432,13,4096
150,436822016,598,trace_trial5.csv,cfg18,filled_then_reset_trace,33554432,13,4096
151,436826112,580,trace_trial5.csv,cfg18,filled_then_reset_trace,33554432,13,4096
152,436830208,596,trace_trial5.csv,cfg18,filled_then_reset_trace,33554432,13,4096
153,436834304,615,trace_trial5.csv,cfg18,filled_then_reset_trace,33554432,13,4096
154,436838400,622,trace_trial5.csv,cfg18,filled_then_reset_trace,33554432,13,4096
155,436842496,652,trace_trial5.csv,cfg18,filled_then_reset_trace,33554432,13,4096
156,436846592,584,trace_trial5.csv,cfg18,filled_then_reset_trace,33554432,13,4096
157,436850688,595,trace_trial5.csv,cfg18,filled_then_reset_trace,33554432,13,4096
158,436854784,607,trace_trial5.csv,cfg18,filled_then_reset_trace,33554432,13,4096
159,436858880,571,trace_trial5.csv,cfg18,filled_then_reset_trace,33554432,13,4096
160,436862976,597,trace_trial5.csv,cfg18,filled_then_reset_trace,33554432,13,4096
161,436867072,597,trace_trial5.csv,cfg18,filled_then_reset_trace,33554432,13,4096
162,436871168,600,trace_trial5.csv,cfg18,filled_then_reset_trace,33554432,13,4096
163,436875264,616,trace_trial5.csv,cfg18,filled_then_reset_trace,33554432,13,4096
164,436879360,595,trace_trial5.csv,cfg18,filled_then_reset_trace,33554432,13,4096
165,436883456,587,trace_trial5.csv,cfg18,filled_then_reset_trace,33554432,13,4096
166,436887552,595,trace_trial5.csv,cfg18,filled_then_reset_trace,33554432,13,4096
167,436891648,594,trace_trial5.csv,cfg18,filled_then_reset_trace,33554432,13,4096
168,436895744,596,trace_trial5.csv,cfg18,filled_then_reset_trace,33554432,13,4096
169,436899840,559,trace_trial5.csv,cfg18,filled_then_reset_trace,33554432,13,4096
170,436903936,592,trace_trial5.csv,cfg18,filled_then_reset_trace,33554432,13,4096
171,436908032,598,trace_trial5.csv,cfg18,filled_then_reset_trace,33554432,13,4096
172,436912128,657,trace_trial5.csv,cfg18,filled_then_reset_trace,33554432,13,4096
173,436916224,597,trace_trial5.csv,cfg18,filled_then_reset_trace,33554432,13,4096
174,436920320,605,trace_trial5.csv,cfg18,filled_then_reset_trace,33554432,13,4096
175,436924416,603,trace_trial5.csv,cfg18,filled_then_reset_trace,33554432,13,4096
176,436928512,594,trace_trial5.csv,cfg18,filled_then_reset_trace,33554432,13,4096
177,436932608,597,trace_trial5.csv,cfg18,filled_then_reset_trace,33554432,13,4096
178,436936704,594,trace_trial5.csv,cfg18,filled_then_reset_trace,33554432,13,4096
179,436940800,595,trace_trial5.csv,cfg18,filled_then_reset_trace,33554432,13,4096
180,436944896,601,trace_trial5.csv,cfg18,filled_then_reset_trace,33554432,13,4096
181,436948992,596,trace_trial5.csv,cfg18,filled_then_reset_trace,33554432,13,4096
182,436953088,570,trace_trial5.csv,cfg18,filled_then_reset_trace,33554432,13,4096
183,436957184,594,trace_trial5.csv,cfg18,filled_then_reset_trace,33554432,13,4096
184,436961280,597,trace_trial5.csv,cfg18,filled_then_reset_trace,33554432,13,4096
185,436965376,595,trace_trial5.csv,cfg18,filled_then_reset_trace,33554432,13,4096
186,436969472,596,trace_trial5.csv,cfg18,filled_then_reset_trace,33554432,13,4096
187,436973568,604,trace_trial5.csv,cfg18,filled_then_reset_trace,33554432,13,4096
188,436977664,596,trace_trial5.csv,cfg18,filled_then_reset_trace,33554432,13,4096
189,436981760,596,trace_trial5.csv,cfg18,filled_then_reset_trace,33554432,13,4096
190,436985856,596,trace_trial5.csv,cfg18,filled_then_reset_trace,33554432,13,4096
191,436989952,595,trace_trial5.csv,cfg18,filled_then_reset_trace,33554432,13,4096
192,436994048,563,trace_trial5.csv,cfg18,filled_then_reset_trace,33554432,13,4096
193,436998144,591,trace_trial5.csv,cfg18,filled_then_reset_trace,33554432,13,4096
194,437002240,598,trace_trial5.csv,cfg18,filled_then_reset_trace,33554432,13,4096
195,437006336,594,trace_trial5.csv,cfg18,filled_then_reset_trace,33554432,13,4096
196,437010432,595,trace_trial5.csv,cfg18,filled_then_reset_trace,33554432,13,4096
197,437014528,604,trace_trial5.csv,cfg18,filled_then_reset_trace,33554432,13,4096
198,437018624,594,trace_trial5.csv,cfg18,filled_then_reset_trace,33554432,13,4096
199,437022720,605,trace_trial5.csv,cfg18,filled_then_reset_trace,33554432,13,4096
200,437026816,596,trace_trial5.csv,cfg18,filled_then_reset_trace,33554432,13,4096
201,437030912,596,trace_trial5.csv,cfg18,filled_then_reset_trace,33554432,13,4096
202,437035008,609,trace_trial5.csv,cfg18,filled_then_reset_trace,33554432,13,4096
203,437039104,599,trace_trial5.csv,cfg18,filled_then_reset_trace,33554432,13,4096
204,437043200,613,trace_trial5.csv,cfg18,filled_then_reset_trace,33554432,13,4096
205,437047296,571,trace_trial5.csv,cfg18,filled_then_reset_trace,33554432,13,4096
206,437051392,586,trace_trial5.csv,cfg18,filled_then_reset_trace,33554432,13,4096
207,437055488,596,trace_trial5.csv,cfg18,filled_then_reset_trace,33554432,13,4096
208,437059584,602,trace_trial5.csv,cfg18,filled_then_reset_trace,33554432,13,4096
209,437063680,596,trace_trial5.csv,cfg18,filled_then_reset_trace,33554432,13,4096
210,437067776,595,trace_trial5.csv,cfg18,filled_then_reset_trace,33554432,13,4096
211,437071872,593,trace_trial5.csv,cfg18,filled_then_reset_trace,33554432,13,4096
212,437075968,604,trace_trial5.csv,cfg18,filled_then_reset_trace,33554432,13,4096
213,437080064,593,trace_trial5.csv,cfg18,filled_then_reset_trace,33554432,13,4096
214,437084160,595,trace_trial5.csv,cfg18,filled_then_reset_trace,33554432,13,4096
215,437088256,559,trace_trial5.csv,cfg18,filled_then_reset_trace,33554432,13,4096
216,437092352,592,trace_trial5.csv,cfg18,filled_then_reset_trace,33554432,13,4096
217,437096448,595,trace_trial5.csv,cfg18,filled_then_reset_trace,33554432,13,4096
218,437100544,595,trace_trial5.csv,cfg18,filled_then_reset_trace,33554432,13,4096
219,437104640,596,trace_trial5.csv,cfg18,filled_then_reset_trace,33554432,13,4096
220,437108736,595,trace_trial5.csv,cfg18,filled_then_reset_trace,33554432,13,4096
221,437112832,594,trace_trial5.csv,cfg18,filled_then_reset_trace,33554432,13,4096
222,437116928,596,trace_trial5.csv,cfg18,filled_then_reset_trace,33554432,13,4096
223,437121024,599,trace_trial5.csv,cfg18,filled_then_reset_trace,33554432,13,4096
224,437125120,603,trace_trial5.csv,cfg18,filled_then_reset_trace,33554432,13,4096
225,437129216,627,trace_trial5.csv,cfg18,filled_then_reset_trace,33554432,13,4096
226,437133312,593,trace_trial5.csv,cfg18,filled_then_reset_trace,33554432,13,4096
227,437137408,614,trace_trial5.csv,cfg18,filled_then_reset_trace,33554432,13,4096
228,437141504,570,trace_trial5.csv,cfg18,filled_then_reset_trace,33554432,13,4096
229,437145600,596,trace_trial5.csv,cfg18,filled_then_reset_trace,33554432,13,4096
230,437149696,596,trace_trial5.csv,cfg18,filled_then_reset_trace,33554432,13,4096
231,437153792,600,trace_trial5.csv,cfg18,filled_then_reset_trace,33554432,13,4096
232,437157888,596,trace_trial5.csv,cfg18,filled_then_reset_trace,33554432,13,4096
233,437161984,595,trace_trial5.csv,cfg18,filled_then_reset_trace,33554432,13,4096
234,437166080,596,trace_trial5.csv,cfg18,filled_then_reset_trace,33554432,13,4096
235,437170176,594,trace_trial5.csv,cfg18,filled_then_reset_trace,33554432,13,4096
236,437174272,597,trace_trial5.csv,cfg18,filled_then_reset_trace,33554432,13,4096
237,437178368,595,trace_trial5.csv,cfg18,filled_then_reset_trace,33554432,13,4096
238,437182464,559,trace_trial5.csv,cfg18,filled_then_reset_trace,33554432,13,4096
239,437186560,592,trace_trial5.csv,cfg18,filled_then_reset_trace,33554432,13,4096
240,437190656,596,trace_trial5.csv,cfg18,filled_then_reset_trace,33554432,13,4096
241,437194752,594,trace_trial5.csv,cfg18,filled_then_reset_trace,33554432,13,4096
242,437198848,594,trace_trial5.csv,cfg18,filled_then_reset_trace,33554432,13,4096
243,437202944,597,trace_trial5.csv,cfg18,filled_then_reset_trace,33554432,13,4096
244,437207040,596,trace_trial5.csv,cfg18,filled_then_reset_trace,33554432,13,4096
245,437211136,594,trace_trial5.csv,cfg18,filled_then_reset_trace,33554432,13,4096
246,437215232,596,trace_trial5.csv,cfg18,filled_then_reset_trace,33554432,13,4096
247,437219328,595,trace_trial5.csv,cfg18,filled_then_reset_trace,33554432,13,4096
248,437223424,645,trace_trial5.csv,cfg18,filled_then_reset_trace,33554432,13,4096
249,437227520,596,trace_trial5.csv,cfg18,filled_then_reset_trace,33554432,13,4096
250,437231616,615,trace_trial5.csv,cfg18,filled_then_reset_trace,33554432,13,4096
251,437235712,564,trace_trial5.csv,cfg18,filled_then_reset_trace,33554432,13,4096
252,437239808,593,trace_trial5.csv,cfg18,filled_then_reset_trace,33554432,13,4096
253,437243904,634,trace_trial5.csv,cfg18,filled_then_reset_trace,33554432,13,4096
254,437248000,581,trace_trial5.csv,cfg18,filled_then_reset_trace,33554432,13,4096
255,437252096,597,trace_trial5.csv,cfg18,filled_then_reset_trace,33554432,13,4096
